elements,blocks,threadsPerBlock,GPU
100000, 512, 32, 0.544644
100000, 512, 50, 0.382954
100000, 512, 64, 0.375853
100000, 512, 100, 0.330652
100000, 512, 128, 0.310616
100000, 512, 200, 0.314159
100000, 512, 256, 0.286222
100000, 512, 400, 0.317599
100000, 512, 512, 0.296701
100000, 512, 750, 0.335093
100000, 512, 1024, 0.330337
100000, 1024, 32, 0.377063
100000, 1024, 50, 0.360226
100000, 1024, 64, 0.311607
100000, 1024, 100, 0.341181
100000, 1024, 128, 0.636579
100000, 1024, 200, 0.704666
100000, 1024, 256, 0.640609
100000, 1024, 400, 0.709771
100000, 1024, 512, 0.585932
100000, 1024, 750, 0.334674
100000, 1024, 1024, 0.330499
100000, 2048, 32, 0.311349
100000, 2048, 50, 0.365466
100000, 2048, 64, 0.289572
100000, 2048, 100, 0.334974
100000, 2048, 128, 0.283005
100000, 2048, 200, 0.313365
100000, 2048, 256, 0.286464
100000, 2048, 400, 0.318065
100000, 2048, 512, 0.296146
100000, 2048, 750, 0.334831
100000, 2048, 1024, 0.330266
100000, 4096, 32, 0.290783
100000, 4096, 50, 0.366455
100000, 4096, 64, 0.290021
100000, 4096, 100, 0.342387
100000, 4096, 128, 0.645331
100000, 4096, 200, 0.641489
100000, 4096, 256, 0.283494
100000, 4096, 400, 0.314683
100000, 4096, 512, 0.296196
100000, 4096, 750, 0.335183
100000, 4096, 1024, 0.330144
100000, 8192, 32, 0.285465
100000, 8192, 50, 0.369546
100000, 8192, 64, 0.291474
100000, 8192, 100, 0.340134
100000, 8192, 128, 0.288824
100000, 8192, 200, 0.318160
100000, 8192, 256, 0.286886
100000, 8192, 400, 0.317860
100000, 8192, 512, 0.295676
100000, 8192, 750, 0.334861
100000, 8192, 1024, 0.330199
100000, 16384, 32, 0.282820
100000, 16384, 50, 0.375978
100000, 16384, 64, 0.292735
100000, 16384, 100, 0.348922
100000, 16384, 128, 0.281545
100000, 16384, 200, 0.316704
100000, 16384, 256, 0.284551
100000, 16384, 400, 0.318114
100000, 16384, 512, 0.295515
100000, 16384, 750, 0.335020
100000, 16384, 1024, 0.330710
100000, 32768, 32, 0.285459
100000, 32768, 50, 0.376970
100000, 32768, 64, 0.287312
100000, 32768, 100, 0.345336
100000, 32768, 128, 0.282279
100000, 32768, 200, 0.315911
100000, 32768, 256, 0.284424
100000, 32768, 400, 0.318026
100000, 32768, 512, 0.296084
100000, 32768, 750, 0.335170
100000, 32768, 1024, 0.331159
100000, 512, 32, 0.543386
100000, 512, 50, 0.383178
100000, 512, 64, 0.375392
100000, 512, 100, 0.330829
100000, 512, 128, 0.310454
100000, 512, 200, 0.313310
100000, 512, 256, 0.286250
100000, 512, 400, 0.317748
100000, 512, 512, 0.296370
100000, 512, 750, 0.334509
100000, 512, 1024, 0.330909
100000, 1024, 32, 0.376960
100000, 1024, 50, 0.360596
100000, 1024, 64, 0.311555
100000, 1024, 100, 0.335704
100000, 1024, 128, 0.283233
100000, 1024, 200, 0.313486
100000, 1024, 256, 0.286171
100000, 1024, 400, 0.318290
100000, 1024, 512, 0.296440
100000, 1024, 750, 0.334717
100000, 1024, 1024, 0.330787
100000, 2048, 32, 0.311638
100000, 2048, 50, 0.363654
100000, 2048, 64, 0.288690
100000, 2048, 100, 0.335223
100000, 2048, 128, 0.282631
100000, 2048, 200, 0.314633
100000, 2048, 256, 0.286391
100000, 2048, 400, 0.318382
100000, 2048, 512, 0.296341
100000, 2048, 750, 0.334970
100000, 2048, 1024, 0.329992
100000, 4096, 32, 0.282409
100000, 4096, 50, 0.365111
100000, 4096, 64, 0.290671
100000, 4096, 100, 0.341089
100000, 4096, 128, 0.286042
100000, 4096, 200, 0.317523
100000, 4096, 256, 0.291328
100000, 4096, 400, 0.317931
100000, 4096, 512, 0.296027
100000, 4096, 750, 0.335760
100000, 4096, 1024, 0.330483
100000, 8192, 32, 0.287654
100000, 8192, 50, 0.376455
100000, 8192, 64, 0.292715
100000, 8192, 100, 0.346851
100000, 8192, 128, 0.284699
100000, 8192, 200, 0.316837
100000, 8192, 256, 0.286291
100000, 8192, 400, 0.317744
100000, 8192, 512, 0.296346
100000, 8192, 750, 0.335016
100000, 8192, 1024, 0.331108
100000, 16384, 32, 0.283750
100000, 16384, 50, 0.369801
100000, 16384, 64, 0.299673
100000, 16384, 100, 0.341095
100000, 16384, 128, 0.292312
100000, 16384, 200, 0.315486
100000, 16384, 256, 0.288025
100000, 16384, 400, 0.318714
100000, 16384, 512, 0.296594
100000, 16384, 750, 0.335281
100000, 16384, 1024, 0.330603
100000, 32768, 32, 0.287013
100000, 32768, 50, 0.378889
100000, 32768, 64, 0.292815
100000, 32768, 100, 0.342093
100000, 32768, 128, 0.285735
100000, 32768, 200, 0.316964
100000, 32768, 256, 0.289681
100000, 32768, 400, 0.318143
100000, 32768, 512, 0.296266
100000, 32768, 750, 0.335148
100000, 32768, 1024, 0.329515
100000, 512, 32, 0.543933
100000, 512, 50, 0.383281
100000, 512, 64, 0.376132
100000, 512, 100, 0.330630
100000, 512, 128, 0.310526
100000, 512, 200, 0.313660
100000, 512, 256, 0.286195
100000, 512, 400, 0.318076
100000, 512, 512, 0.296387
100000, 512, 750, 0.334485
100000, 512, 1024, 0.330497
100000, 1024, 32, 0.377003
100000, 1024, 50, 0.360264
100000, 1024, 64, 0.311579
100000, 1024, 100, 0.334410
100000, 1024, 128, 0.282896
100000, 1024, 200, 0.314019
100000, 1024, 256, 0.286338
100000, 1024, 400, 0.318009
100000, 1024, 512, 0.296286
100000, 1024, 750, 0.334786
100000, 1024, 1024, 0.330415
100000, 2048, 32, 0.312016
100000, 2048, 50, 0.363949
100000, 2048, 64, 0.288573
100000, 2048, 100, 0.335036
100000, 2048, 128, 0.283430
100000, 2048, 200, 0.313558
100000, 2048, 256, 0.286120
100000, 2048, 400, 0.317577
100000, 2048, 512, 0.296258
100000, 2048, 750, 0.335361
100000, 2048, 1024, 0.329652
100000, 4096, 32, 0.283383
100000, 4096, 50, 0.364969
100000, 4096, 64, 0.289474
100000, 4096, 100, 0.338266
100000, 4096, 128, 0.293001
100000, 4096, 200, 0.316374
100000, 4096, 256, 0.289471
100000, 4096, 400, 0.318391
100000, 4096, 512, 0.296182
100000, 4096, 750, 0.335266
100000, 4096, 1024, 0.330377
100000, 8192, 32, 0.283103
100000, 8192, 50, 0.380414
100000, 8192, 64, 0.296857
100000, 8192, 100, 0.342007
100000, 8192, 128, 0.286147
100000, 8192, 200, 0.314906
100000, 8192, 256, 0.284433
100000, 8192, 400, 0.318034
100000, 8192, 512, 0.296352
100000, 8192, 750, 0.334772
100000, 8192, 1024, 0.330203
100000, 16384, 32, 0.285476
100000, 16384, 50, 0.380542
100000, 16384, 64, 0.297775
100000, 16384, 100, 0.339972
100000, 16384, 128, 0.285191
100000, 16384, 200, 0.314294
100000, 16384, 256, 0.284069
100000, 16384, 400, 0.318225
100000, 16384, 512, 0.296408
100000, 16384, 750, 0.334737
100000, 16384, 1024, 0.330401
100000, 32768, 32, 0.285359
100000, 32768, 50, 0.378672
100000, 32768, 64, 0.290403
100000, 32768, 100, 0.337938
100000, 32768, 128, 0.289543
100000, 32768, 200, 0.314984
100000, 32768, 256, 0.286622
100000, 32768, 400, 0.317656
100000, 32768, 512, 0.296147
100000, 32768, 750, 0.335069
100000, 32768, 1024, 0.330627
100000, 512, 32, 0.544035
100000, 512, 50, 0.383381
100000, 512, 64, 0.375495
100000, 512, 100, 0.330603
100000, 512, 128, 0.310483
100000, 512, 200, 0.313903
100000, 512, 256, 0.286049
100000, 512, 400, 0.318261
100000, 512, 512, 0.296415
100000, 512, 750, 0.335361
100000, 512, 1024, 0.330353
100000, 1024, 32, 0.377297
100000, 1024, 50, 0.360485
100000, 1024, 64, 0.311435
100000, 1024, 100, 0.335118
100000, 1024, 128, 0.283043
100000, 1024, 200, 0.313561
100000, 1024, 256, 0.285982
100000, 1024, 400, 0.317999
100000, 1024, 512, 0.296221
100000, 1024, 750, 0.334731
100000, 1024, 1024, 0.330462
100000, 2048, 32, 0.311737
100000, 2048, 50, 0.364793
100000, 2048, 64, 0.289742
100000, 2048, 100, 0.334346
100000, 2048, 128, 0.283047
100000, 2048, 200, 0.314068
100000, 2048, 256, 0.286276
100000, 2048, 400, 0.318074
100000, 2048, 512, 0.296037
100000, 2048, 750, 0.335013
100000, 2048, 1024, 0.329903
100000, 4096, 32, 0.280040
100000, 4096, 50, 0.364885
100000, 4096, 64, 0.289981
100000, 4096, 100, 0.335740
100000, 4096, 128, 0.285600
100000, 4096, 200, 0.317824
100000, 4096, 256, 0.289745
100000, 4096, 400, 0.318264
100000, 4096, 512, 0.296044
100000, 4096, 750, 0.335137
100000, 4096, 1024, 0.330777
100000, 8192, 32, 0.284824
100000, 8192, 50, 0.376358
100000, 8192, 64, 0.294077
100000, 8192, 100, 0.342328
100000, 8192, 128, 0.288612
100000, 8192, 200, 0.317067
100000, 8192, 256, 0.291858
100000, 8192, 400, 0.317847
100000, 8192, 512, 0.296058
100000, 8192, 750, 0.334929
100000, 8192, 1024, 0.330583
100000, 16384, 32, 0.284306
100000, 16384, 50, 0.384369
100000, 16384, 64, 0.289758
100000, 16384, 100, 0.342756
100000, 16384, 128, 0.285543
100000, 16384, 200, 0.315602
100000, 16384, 256, 0.291471
100000, 16384, 400, 0.318109
100000, 16384, 512, 0.296592
100000, 16384, 750, 0.334915
100000, 16384, 1024, 0.330376
100000, 32768, 32, 0.283226
100000, 32768, 50, 0.382142
100000, 32768, 64, 0.286422
100000, 32768, 100, 0.343424
100000, 32768, 128, 0.286299
100000, 32768, 200, 0.314993
100000, 32768, 256, 0.290776
100000, 32768, 400, 0.317637
100000, 32768, 512, 0.296182
100000, 32768, 750, 0.335048
100000, 32768, 1024, 0.330298
100000, 512, 32, 0.544054
100000, 512, 50, 0.383305
100000, 512, 64, 0.375411
100000, 512, 100, 0.330912
100000, 512, 128, 0.310538
100000, 512, 200, 0.312766
100000, 512, 256, 0.286253
100000, 512, 400, 0.318426
100000, 512, 512, 0.296378
100000, 512, 750, 0.334746
100000, 512, 1024, 0.330329
100000, 1024, 32, 0.376884
100000, 1024, 50, 0.360251
100000, 1024, 64, 0.311357
100000, 1024, 100, 0.334306
100000, 1024, 128, 0.283264
100000, 1024, 200, 0.313849
100000, 1024, 256, 0.286139
100000, 1024, 400, 0.317633
100000, 1024, 512, 0.296645
100000, 1024, 750, 0.335067
100000, 1024, 1024, 0.330463
100000, 2048, 32, 0.312007
100000, 2048, 50, 0.365263
100000, 2048, 64, 0.289629
100000, 2048, 100, 0.334000
100000, 2048, 128, 0.283324
100000, 2048, 200, 0.313528
100000, 2048, 256, 0.286251
100000, 2048, 400, 0.318330
100000, 2048, 512, 0.296333
100000, 2048, 750, 0.334972
100000, 2048, 1024, 0.330063
100000, 4096, 32, 0.283330
100000, 4096, 50, 0.365678
100000, 4096, 64, 0.289514
100000, 4096, 100, 0.344191
100000, 4096, 128, 0.285701
100000, 4096, 200, 0.316536
100000, 4096, 256, 0.292056
100000, 4096, 400, 0.318221
100000, 4096, 512, 0.296393
100000, 4096, 750, 0.334823
100000, 4096, 1024, 0.330511
100000, 8192, 32, 0.287780
100000, 8192, 50, 0.380304
100000, 8192, 64, 0.291132
100000, 8192, 100, 0.344854
100000, 8192, 128, 0.280455
100000, 8192, 200, 0.314976
100000, 8192, 256, 0.286310
100000, 8192, 400, 0.317948
100000, 8192, 512, 0.296250
100000, 8192, 750, 0.334131
100000, 8192, 1024, 0.330293
100000, 16384, 32, 0.282894
100000, 16384, 50, 0.382867
100000, 16384, 64, 0.293099
100000, 16384, 100, 0.344283
100000, 16384, 128, 0.283219
100000, 16384, 200, 0.317926
100000, 16384, 256, 0.288039
100000, 16384, 400, 0.317133
100000, 16384, 512, 0.296731
100000, 16384, 750, 0.334978
100000, 16384, 1024, 0.330354
100000, 32768, 32, 0.282074
100000, 32768, 50, 0.379681
100000, 32768, 64, 0.298822
100000, 32768, 100, 0.337787
100000, 32768, 128, 0.282728
100000, 32768, 200, 0.317194
100000, 32768, 256, 0.288557
100000, 32768, 400, 0.318080
100000, 32768, 512, 0.296360
100000, 32768, 750, 0.334701
100000, 32768, 1024, 0.330233
100000, 512, 32, 0.544239
100000, 512, 50, 0.383544
100000, 512, 64, 0.375505
100000, 512, 100, 0.330833
100000, 512, 128, 0.310541
100000, 512, 200, 0.314570
100000, 512, 256, 0.286089
100000, 512, 400, 0.318396
100000, 512, 512, 0.296789
100000, 512, 750, 0.335091
100000, 512, 1024, 0.330341
100000, 1024, 32, 0.377337
100000, 1024, 50, 0.360206
100000, 1024, 64, 0.311806
100000, 1024, 100, 0.335182
100000, 1024, 128, 0.283103
100000, 1024, 200, 0.314960
100000, 1024, 256, 0.286093
100000, 1024, 400, 0.317318
100000, 1024, 512, 0.296692
100000, 1024, 750, 0.335481
100000, 1024, 1024, 0.330168
100000, 2048, 32, 0.311899
100000, 2048, 50, 0.363921
100000, 2048, 64, 0.289015
100000, 2048, 100, 0.333408
100000, 2048, 128, 0.282999
100000, 2048, 200, 0.313417
100000, 2048, 256, 0.286059
100000, 2048, 400, 0.317983
100000, 2048, 512, 0.296430
100000, 2048, 750, 0.335171
100000, 2048, 1024, 0.330155
100000, 4096, 32, 0.287295
100000, 4096, 50, 0.364245
100000, 4096, 64, 0.290390
100000, 4096, 100, 0.343083
100000, 4096, 128, 0.295105
100000, 4096, 200, 0.319495
100000, 4096, 256, 0.286572
100000, 4096, 400, 0.317860
100000, 4096, 512, 0.296047
100000, 4096, 750, 0.334142
100000, 4096, 1024, 0.330181
100000, 8192, 32, 0.283758
100000, 8192, 50, 0.377645
100000, 8192, 64, 0.286311
100000, 8192, 100, 0.344320
100000, 8192, 128, 0.282734
100000, 8192, 200, 0.317408
100000, 8192, 256, 0.283813
100000, 8192, 400, 0.318193
100000, 8192, 512, 0.296096
100000, 8192, 750, 0.335034
100000, 8192, 1024, 0.329242
100000, 16384, 32, 0.284425
100000, 16384, 50, 0.393031
100000, 16384, 64, 0.290324
100000, 16384, 100, 0.341937
100000, 16384, 128, 0.281600
100000, 16384, 200, 0.316568
100000, 16384, 256, 0.289611
100000, 16384, 400, 0.318309
100000, 16384, 512, 0.296176
100000, 16384, 750, 0.335020
100000, 16384, 1024, 0.330540
100000, 32768, 32, 0.279668
100000, 32768, 50, 0.380367
100000, 32768, 64, 0.302535
100000, 32768, 100, 0.348058
100000, 32768, 128, 0.289342
100000, 32768, 200, 0.315548
100000, 32768, 256, 0.289097
100000, 32768, 400, 0.318044
100000, 32768, 512, 0.296419
100000, 32768, 750, 0.335039
100000, 32768, 1024, 0.330636
100000, 512, 32, 0.544738
100000, 512, 50, 0.383353
100000, 512, 64, 0.375793
100000, 512, 100, 0.330627
100000, 512, 128, 0.310762
100000, 512, 200, 0.313804
100000, 512, 256, 0.286463
100000, 512, 400, 0.318311
100000, 512, 512, 0.296620
100000, 512, 750, 0.335093
100000, 512, 1024, 0.330495
100000, 1024, 32, 0.377045
100000, 1024, 50, 0.360371
100000, 1024, 64, 0.311615
100000, 1024, 100, 0.334589
100000, 1024, 128, 0.283212
100000, 1024, 200, 0.313656
100000, 1024, 256, 0.286516
100000, 1024, 400, 0.318329
100000, 1024, 512, 0.296586
100000, 1024, 750, 0.335178
100000, 1024, 1024, 0.330424
100000, 2048, 32, 0.311965
100000, 2048, 50, 0.365522
100000, 2048, 64, 0.289621
100000, 2048, 100, 0.335012
100000, 2048, 128, 0.283241
100000, 2048, 200, 0.313557
100000, 2048, 256, 0.286088
100000, 2048, 400, 0.317893
100000, 2048, 512, 0.296307
100000, 2048, 750, 0.335029
100000, 2048, 1024, 0.329272
100000, 4096, 32, 0.288090
100000, 4096, 50, 0.364939
100000, 4096, 64, 0.288923
100000, 4096, 100, 0.341802
100000, 4096, 128, 0.284319
100000, 4096, 200, 0.316818
100000, 4096, 256, 0.286320
100000, 4096, 400, 0.317569
100000, 4096, 512, 0.295912
100000, 4096, 750, 0.335178
100000, 4096, 1024, 0.330250
100000, 8192, 32, 0.279565
100000, 8192, 50, 0.383522
100000, 8192, 64, 0.288487
100000, 8192, 100, 0.343616
100000, 8192, 128, 0.281488
100000, 8192, 200, 0.320395
100000, 8192, 256, 0.285665
100000, 8192, 400, 0.318068
100000, 8192, 512, 0.296587
100000, 8192, 750, 0.335018
100000, 8192, 1024, 0.329825
100000, 16384, 32, 0.279728
100000, 16384, 50, 0.370350
100000, 16384, 64, 0.294628
100000, 16384, 100, 0.336873
100000, 16384, 128, 0.293333
100000, 16384, 200, 0.316808
100000, 16384, 256, 0.291388
100000, 16384, 400, 0.317995
100000, 16384, 512, 0.296079
100000, 16384, 750, 0.334579
100000, 16384, 1024, 0.330499
100000, 32768, 32, 0.284109
100000, 32768, 50, 0.373469
100000, 32768, 64, 0.288894
100000, 32768, 100, 0.343114
100000, 32768, 128, 0.292146
100000, 32768, 200, 0.316933
100000, 32768, 256, 0.283272
100000, 32768, 400, 0.317967
100000, 32768, 512, 0.296246
100000, 32768, 750, 0.335432
100000, 32768, 1024, 0.330518
100000, 512, 32, 0.543961
100000, 512, 50, 0.383250
100000, 512, 64, 0.375527
100000, 512, 100, 0.330995
100000, 512, 128, 0.310678
100000, 512, 200, 0.313758
100000, 512, 256, 0.286058
100000, 512, 400, 0.317888
100000, 512, 512, 0.296304
100000, 512, 750, 0.335414
100000, 512, 1024, 0.330336
100000, 1024, 32, 0.376944
100000, 1024, 50, 0.360303
100000, 1024, 64, 0.311434
100000, 1024, 100, 0.334085
100000, 1024, 128, 0.283141
100000, 1024, 200, 0.314125
100000, 1024, 256, 0.286425
100000, 1024, 400, 0.318310
100000, 1024, 512, 0.296653
100000, 1024, 750, 0.335247
100000, 1024, 1024, 0.329525
100000, 2048, 32, 0.311804
100000, 2048, 50, 0.365656
100000, 2048, 64, 0.288918
100000, 2048, 100, 0.334927
100000, 2048, 128, 0.283111
100000, 2048, 200, 0.313547
100000, 2048, 256, 0.286341
100000, 2048, 400, 0.318044
100000, 2048, 512, 0.296379
100000, 2048, 750, 0.335101
100000, 2048, 1024, 0.330383
100000, 4096, 32, 0.279823
100000, 4096, 50, 0.363759
100000, 4096, 64, 0.289272
100000, 4096, 100, 0.340291
100000, 4096, 128, 0.283635
100000, 4096, 200, 0.318696
100000, 4096, 256, 0.291500
100000, 4096, 400, 0.318138
100000, 4096, 512, 0.296160
100000, 4096, 750, 0.334979
100000, 4096, 1024, 0.330459
100000, 8192, 32, 0.284009
100000, 8192, 50, 0.369228
100000, 8192, 64, 0.302317
100000, 8192, 100, 0.340335
100000, 8192, 128, 0.288468
100000, 8192, 200, 0.318491
100000, 8192, 256, 0.288484
100000, 8192, 400, 0.317821
100000, 8192, 512, 0.296107
100000, 8192, 750, 0.335177
100000, 8192, 1024, 0.330456
100000, 16384, 32, 0.287426
100000, 16384, 50, 0.378421
100000, 16384, 64, 0.292752
100000, 16384, 100, 0.339746
100000, 16384, 128, 0.288739
100000, 16384, 200, 0.317875
100000, 16384, 256, 0.286394
100000, 16384, 400, 0.318061
100000, 16384, 512, 0.296012
100000, 16384, 750, 0.335116
100000, 16384, 1024, 0.330152
100000, 32768, 32, 0.279692
100000, 32768, 50, 0.374861
100000, 32768, 64, 0.301600
100000, 32768, 100, 0.339136
100000, 32768, 128, 0.289762
100000, 32768, 200, 0.317254
100000, 32768, 256, 0.287861
100000, 32768, 400, 0.317560
100000, 32768, 512, 0.296385
100000, 32768, 750, 0.335151
100000, 32768, 1024, 0.330439
100000, 512, 32, 0.543936
100000, 512, 50, 0.383451
100000, 512, 64, 0.375480
100000, 512, 100, 0.330545
100000, 512, 128, 0.310622
100000, 512, 200, 0.314052
100000, 512, 256, 0.286186
100000, 512, 400, 0.317853
100000, 512, 512, 0.296508
100000, 512, 750, 0.334542
100000, 512, 1024, 0.330388
100000, 1024, 32, 0.377145
100000, 1024, 50, 0.360360
100000, 1024, 64, 0.311718
100000, 1024, 100, 0.334186
100000, 1024, 128, 0.283334
100000, 1024, 200, 0.313684
100000, 1024, 256, 0.286233
100000, 1024, 400, 0.318174
100000, 1024, 512, 0.296520
100000, 1024, 750, 0.335079
100000, 1024, 1024, 0.330355
100000, 2048, 32, 0.312046
100000, 2048, 50, 0.364516
100000, 2048, 64, 0.289178
100000, 2048, 100, 0.335386
100000, 2048, 128, 0.283080
100000, 2048, 200, 0.313485
100000, 2048, 256, 0.286045
100000, 2048, 400, 0.317715
100000, 2048, 512, 0.296453
100000, 2048, 750, 0.335155
100000, 2048, 1024, 0.329238
100000, 4096, 32, 0.285061
100000, 4096, 50, 0.365143
100000, 4096, 64, 0.288902
100000, 4096, 100, 0.346867
100000, 4096, 128, 0.286445
100000, 4096, 200, 0.317215
100000, 4096, 256, 0.288524
100000, 4096, 400, 0.318179
100000, 4096, 512, 0.296644
100000, 4096, 750, 0.335045
100000, 4096, 1024, 0.330547
100000, 8192, 32, 0.284334
100000, 8192, 50, 0.382829
100000, 8192, 64, 0.295800
100000, 8192, 100, 0.345299
100000, 8192, 128, 0.285032
100000, 8192, 200, 0.317159
100000, 8192, 256, 0.286585
100000, 8192, 400, 0.318293
100000, 8192, 512, 0.295817
100000, 8192, 750, 0.334749
100000, 8192, 1024, 0.330391
100000, 16384, 32, 0.290553
100000, 16384, 50, 0.383060
100000, 16384, 64, 0.288065
100000, 16384, 100, 0.340483
100000, 16384, 128, 0.285333
100000, 16384, 200, 0.316418
100000, 16384, 256, 0.288816
100000, 16384, 400, 0.318138
100000, 16384, 512, 0.295886
100000, 16384, 750, 0.334798
100000, 16384, 1024, 0.330197
100000, 32768, 32, 0.284521
100000, 32768, 50, 0.371093
100000, 32768, 64, 0.296443
100000, 32768, 100, 0.340139
100000, 32768, 128, 0.285742
100000, 32768, 200, 0.317607
100000, 32768, 256, 0.291559
100000, 32768, 400, 0.318073
100000, 32768, 512, 0.296380
100000, 32768, 750, 0.335269
100000, 32768, 1024, 0.330339
100000, 512, 32, 0.544526
100000, 512, 50, 0.382989
100000, 512, 64, 0.375365
100000, 512, 100, 0.330843
100000, 512, 128, 0.310810
100000, 512, 200, 0.313821
100000, 512, 256, 0.286034
100000, 512, 400, 0.318042
100000, 512, 512, 0.296466
100000, 512, 750, 0.334639
100000, 512, 1024, 0.330327
100000, 1024, 32, 0.377000
100000, 1024, 50, 0.360637
100000, 1024, 64, 0.311651
100000, 1024, 100, 0.335079
100000, 1024, 128, 0.283286
100000, 1024, 200, 0.313573
100000, 1024, 256, 0.286273
100000, 1024, 400, 0.318100
100000, 1024, 512, 0.296050
100000, 1024, 750, 0.334593
100000, 1024, 1024, 0.330280
100000, 2048, 32, 0.312012
100000, 2048, 50, 0.364980
100000, 2048, 64, 0.289930
100000, 2048, 100, 0.335614
100000, 2048, 128, 0.282981
100000, 2048, 200, 0.313639
100000, 2048, 256, 0.286216
100000, 2048, 400, 0.317939
100000, 2048, 512, 0.296547
100000, 2048, 750, 0.334471
100000, 2048, 1024, 0.330560
100000, 4096, 32, 0.284797
100000, 4096, 50, 0.364225
100000, 4096, 64, 0.290587
100000, 4096, 100, 0.341315
100000, 4096, 128, 0.285245
100000, 4096, 200, 0.316242
100000, 4096, 256, 0.291670
100000, 4096, 400, 0.318003
100000, 4096, 512, 0.296038
100000, 4096, 750, 0.334866
100000, 4096, 1024, 0.330131
100000, 8192, 32, 0.282291
100000, 8192, 50, 0.377822
100000, 8192, 64, 0.296290
100000, 8192, 100, 0.342000
100000, 8192, 128, 0.281949
100000, 8192, 200, 0.317293
100000, 8192, 256, 0.287298
100000, 8192, 400, 0.317302
100000, 8192, 512, 0.296375
100000, 8192, 750, 0.335027
100000, 8192, 1024, 0.329487
100000, 16384, 32, 0.283183
100000, 16384, 50, 0.373357
100000, 16384, 64, 0.292524
100000, 16384, 100, 0.336767
100000, 16384, 128, 0.283846
100000, 16384, 200, 0.317469
100000, 16384, 256, 0.286284
100000, 16384, 400, 0.317701
100000, 16384, 512, 0.296283
100000, 16384, 750, 0.334887
100000, 16384, 1024, 0.330268
100000, 32768, 32, 0.284268
100000, 32768, 50, 0.377634
100000, 32768, 64, 0.295877
100000, 32768, 100, 0.343029
100000, 32768, 128, 0.288618
100000, 32768, 200, 0.314662
100000, 32768, 256, 0.292011
100000, 32768, 400, 0.317914
100000, 32768, 512, 0.295941
100000, 32768, 750, 0.334529
100000, 32768, 1024, 0.330398
100000, 512, 32, 0.544213
100000, 512, 50, 0.383015
100000, 512, 64, 0.375356
100000, 512, 100, 0.330896
100000, 512, 128, 0.310693
100000, 512, 200, 0.313939
100000, 512, 256, 0.286344
100000, 512, 400, 0.318074
100000, 512, 512, 0.296324
100000, 512, 750, 0.334946
100000, 512, 1024, 0.330457
100000, 1024, 32, 0.377204
100000, 1024, 50, 0.360320
100000, 1024, 64, 0.311581
100000, 1024, 100, 0.335817
100000, 1024, 128, 0.283314
100000, 1024, 200, 0.313469
100000, 1024, 256, 0.286344
100000, 1024, 400, 0.317822
100000, 1024, 512, 0.296248
100000, 1024, 750, 0.334969
100000, 1024, 1024, 0.330199
100000, 2048, 32, 0.311604
100000, 2048, 50, 0.364254
100000, 2048, 64, 0.289670
100000, 2048, 100, 0.335644
100000, 2048, 128, 0.283121
100000, 2048, 200, 0.314178
100000, 2048, 256, 0.285720
100000, 2048, 400, 0.318339
100000, 2048, 512, 0.296455
100000, 2048, 750, 0.335036
100000, 2048, 1024, 0.330323
100000, 4096, 32, 0.283229
100000, 4096, 50, 0.364614
100000, 4096, 64, 0.289594
100000, 4096, 100, 0.340661
100000, 4096, 128, 0.284328
100000, 4096, 200, 0.317366
100000, 4096, 256, 0.288133
100000, 4096, 400, 0.318014
100000, 4096, 512, 0.296240
100000, 4096, 750, 0.335202
100000, 4096, 1024, 0.330282
100000, 8192, 32, 0.282313
100000, 8192, 50, 0.379075
100000, 8192, 64, 0.296635
100000, 8192, 100, 0.339453
100000, 8192, 128, 0.289661
100000, 8192, 200, 0.314324
100000, 8192, 256, 0.291620
100000, 8192, 400, 0.318321
100000, 8192, 512, 0.296340
100000, 8192, 750, 0.334635
100000, 8192, 1024, 0.330408
100000, 16384, 32, 0.282672
100000, 16384, 50, 0.380033
100000, 16384, 64, 0.289928
100000, 16384, 100, 0.344657
100000, 16384, 128, 0.282324
100000, 16384, 200, 0.316640
100000, 16384, 256, 0.286038
100000, 16384, 400, 0.317991
100000, 16384, 512, 0.296433
100000, 16384, 750, 0.334832
100000, 16384, 1024, 0.330168
100000, 32768, 32, 0.286014
100000, 32768, 50, 0.377204
100000, 32768, 64, 0.304687
100000, 32768, 100, 0.337784
100000, 32768, 128, 0.281857
100000, 32768, 200, 0.317873
100000, 32768, 256, 0.285699
100000, 32768, 400, 0.317953
100000, 32768, 512, 0.296377
100000, 32768, 750, 0.335434
100000, 32768, 1024, 0.330382
100000, 512, 32, 0.543726
100000, 512, 50, 0.383420
100000, 512, 64, 0.375897
100000, 512, 100, 0.330546
100000, 512, 128, 0.310559
100000, 512, 200, 0.314171
100000, 512, 256, 0.286178
100000, 512, 400, 0.318219
100000, 512, 512, 0.296394
100000, 512, 750, 0.335078
100000, 512, 1024, 0.330236
100000, 1024, 32, 0.377010
100000, 1024, 50, 0.360629
100000, 1024, 64, 0.311751
100000, 1024, 100, 0.334684
100000, 1024, 128, 0.283100
100000, 1024, 200, 0.313519
100000, 1024, 256, 0.286315
100000, 1024, 400, 0.318008
100000, 1024, 512, 0.296543
100000, 1024, 750, 0.334699
100000, 1024, 1024, 0.330291
100000, 2048, 32, 0.312179
100000, 2048, 50, 0.364891
100000, 2048, 64, 0.288810
100000, 2048, 100, 0.334247
100000, 2048, 128, 0.282924
100000, 2048, 200, 0.314566
100000, 2048, 256, 0.286313
100000, 2048, 400, 0.318185
100000, 2048, 512, 0.296419
100000, 2048, 750, 0.335186
100000, 2048, 1024, 0.329392
100000, 4096, 32, 0.287530
100000, 4096, 50, 0.365458
100000, 4096, 64, 0.290517
100000, 4096, 100, 0.343305
100000, 4096, 128, 0.285017
100000, 4096, 200, 0.316232
100000, 4096, 256, 0.291533
100000, 4096, 400, 0.318405
100000, 4096, 512, 0.296463
100000, 4096, 750, 0.335090
100000, 4096, 1024, 0.330368
100000, 8192, 32, 0.285571
100000, 8192, 50, 0.372803
100000, 8192, 64, 0.288226
100000, 8192, 100, 0.341343
100000, 8192, 128, 0.283633
100000, 8192, 200, 0.317237
100000, 8192, 256, 0.286056
100000, 8192, 400, 0.318034
100000, 8192, 512, 0.296713
100000, 8192, 750, 0.334993
100000, 8192, 1024, 0.330465
100000, 16384, 32, 0.281151
100000, 16384, 50, 0.381275
100000, 16384, 64, 0.297814
100000, 16384, 100, 0.342146
100000, 16384, 128, 0.284507
100000, 16384, 200, 0.315754
100000, 16384, 256, 0.292334
100000, 16384, 400, 0.318125
100000, 16384, 512, 0.296392
100000, 16384, 750, 0.333806
100000, 16384, 1024, 0.330306
100000, 32768, 32, 0.283157
100000, 32768, 50, 0.376868
100000, 32768, 64, 0.300607
100000, 32768, 100, 0.338068
100000, 32768, 128, 0.282419
100000, 32768, 200, 0.317450
100000, 32768, 256, 0.285247
100000, 32768, 400, 0.317909
100000, 32768, 512, 0.296237
100000, 32768, 750, 0.335044
100000, 32768, 1024, 0.329512
100000, 512, 32, 0.544121
100000, 512, 50, 0.383583
100000, 512, 64, 0.376006
100000, 512, 100, 0.330772
100000, 512, 128, 0.310750
100000, 512, 200, 0.313339
100000, 512, 256, 0.285990
100000, 512, 400, 0.318153
100000, 512, 512, 0.296067
100000, 512, 750, 0.334756
100000, 512, 1024, 0.328361
100000, 1024, 32, 0.377037
100000, 1024, 50, 0.360318
100000, 1024, 64, 0.311676
100000, 1024, 100, 0.335348
100000, 1024, 128, 0.283151
100000, 1024, 200, 0.313374
100000, 1024, 256, 0.286174
100000, 1024, 400, 0.317924
100000, 1024, 512, 0.296661
100000, 1024, 750, 0.334711
100000, 1024, 1024, 0.330295
100000, 2048, 32, 0.311888
100000, 2048, 50, 0.365003
100000, 2048, 64, 0.289883
100000, 2048, 100, 0.336149
100000, 2048, 128, 0.282698
100000, 2048, 200, 0.313796
100000, 2048, 256, 0.286205
100000, 2048, 400, 0.318191
100000, 2048, 512, 0.296675
100000, 2048, 750, 0.335029
100000, 2048, 1024, 0.329342
100000, 4096, 32, 0.286684
100000, 4096, 50, 0.363907
100000, 4096, 64, 0.290035
100000, 4096, 100, 0.342220
100000, 4096, 128, 0.292472
100000, 4096, 200, 0.318470
100000, 4096, 256, 0.291611
100000, 4096, 400, 0.317341
100000, 4096, 512, 0.296074
100000, 4096, 750, 0.334941
100000, 4096, 1024, 0.330341
100000, 8192, 32, 0.281801
100000, 8192, 50, 0.376665
100000, 8192, 64, 0.286139
100000, 8192, 100, 0.347993
100000, 8192, 128, 0.289569
100000, 8192, 200, 0.317890
100000, 8192, 256, 0.288659
100000, 8192, 400, 0.317978
100000, 8192, 512, 0.295913
100000, 8192, 750, 0.334855
100000, 8192, 1024, 0.330306
100000, 16384, 32, 0.280415
100000, 16384, 50, 0.373003
100000, 16384, 64, 0.301554
100000, 16384, 100, 0.338001
100000, 16384, 128, 0.285997
100000, 16384, 200, 0.316572
100000, 16384, 256, 0.291090
100000, 16384, 400, 0.317841
100000, 16384, 512, 0.296502
100000, 16384, 750, 0.335024
100000, 16384, 1024, 0.330415
100000, 32768, 32, 0.280561
100000, 32768, 50, 0.379054
100000, 32768, 64, 0.291575
100000, 32768, 100, 0.340413
100000, 32768, 128, 0.281370
100000, 32768, 200, 0.316788
100000, 32768, 256, 0.289586
100000, 32768, 400, 0.317990
100000, 32768, 512, 0.296399
100000, 32768, 750, 0.335115
100000, 32768, 1024, 0.330446
100000, 512, 32, 0.544158
100000, 512, 50, 0.383331
100000, 512, 64, 0.375732
100000, 512, 100, 0.330302
100000, 512, 128, 0.310844
100000, 512, 200, 0.314459
100000, 512, 256, 0.285906
100000, 512, 400, 0.318108
100000, 512, 512, 0.296476
100000, 512, 750, 0.335320
100000, 512, 1024, 0.330246
100000, 1024, 32, 0.376994
100000, 1024, 50, 0.360421
100000, 1024, 64, 0.311822
100000, 1024, 100, 0.334486
100000, 1024, 128, 0.283049
100000, 1024, 200, 0.313291
100000, 1024, 256, 0.286054
100000, 1024, 400, 0.318109
100000, 1024, 512, 0.296249
100000, 1024, 750, 0.334239
100000, 1024, 1024, 0.330559
100000, 2048, 32, 0.311887
100000, 2048, 50, 0.364558
100000, 2048, 64, 0.288915
100000, 2048, 100, 0.335402
100000, 2048, 128, 0.283185
100000, 2048, 200, 0.313466
100000, 2048, 256, 0.286566
100000, 2048, 400, 0.318120
100000, 2048, 512, 0.296653
100000, 2048, 750, 0.334916
100000, 2048, 1024, 0.330284
100000, 4096, 32, 0.284149
100000, 4096, 50, 0.366206
100000, 4096, 64, 0.289525
100000, 4096, 100, 0.337439
100000, 4096, 128, 0.288735
100000, 4096, 200, 0.316019
100000, 4096, 256, 0.291980
100000, 4096, 400, 0.317785
100000, 4096, 512, 0.295955
100000, 4096, 750, 0.334395
100000, 4096, 1024, 0.330379
100000, 8192, 32, 0.285116
100000, 8192, 50, 0.377828
100000, 8192, 64, 0.296202
100000, 8192, 100, 0.340038
100000, 8192, 128, 0.283339
100000, 8192, 200, 0.316805
100000, 8192, 256, 0.285374
100000, 8192, 400, 0.318341
100000, 8192, 512, 0.296415
100000, 8192, 750, 0.335081
100000, 8192, 1024, 0.329627
100000, 16384, 32, 0.282776
100000, 16384, 50, 0.376838
100000, 16384, 64, 0.287325
100000, 16384, 100, 0.346086
100000, 16384, 128, 0.285963
100000, 16384, 200, 0.318177
100000, 16384, 256, 0.291759
100000, 16384, 400, 0.317968
100000, 16384, 512, 0.296724
100000, 16384, 750, 0.335150
100000, 16384, 1024, 0.330647
100000, 32768, 32, 0.281445
100000, 32768, 50, 0.381844
100000, 32768, 64, 0.286925
100000, 32768, 100, 0.342345
100000, 32768, 128, 0.289115
100000, 32768, 200, 0.317955
100000, 32768, 256, 0.291444
100000, 32768, 400, 0.317900
100000, 32768, 512, 0.296017
100000, 32768, 750, 0.334854
100000, 32768, 1024, 0.330296
100000, 512, 32, 0.544328
100000, 512, 50, 0.383443
100000, 512, 64, 0.375614
100000, 512, 100, 0.330788
100000, 512, 128, 0.310482
100000, 512, 200, 0.313293
100000, 512, 256, 0.285903
100000, 512, 400, 0.318030
100000, 512, 512, 0.296294
100000, 512, 750, 0.335047
100000, 512, 1024, 0.330664
100000, 1024, 32, 0.377018
100000, 1024, 50, 0.360542
100000, 1024, 64, 0.311840
100000, 1024, 100, 0.333449
100000, 1024, 128, 0.283121
100000, 1024, 200, 0.313660
100000, 1024, 256, 0.286306
100000, 1024, 400, 0.318341
100000, 1024, 512, 0.296372
100000, 1024, 750, 0.335071
100000, 1024, 1024, 0.330269
100000, 2048, 32, 0.311763
100000, 2048, 50, 0.365597
100000, 2048, 64, 0.289563
100000, 2048, 100, 0.336583
100000, 2048, 128, 0.283171
100000, 2048, 200, 0.313401
100000, 2048, 256, 0.286237
100000, 2048, 400, 0.318132
100000, 2048, 512, 0.296341
100000, 2048, 750, 0.334687
100000, 2048, 1024, 0.330235
100000, 4096, 32, 0.283817
100000, 4096, 50, 0.365374
100000, 4096, 64, 0.289597
100000, 4096, 100, 0.342566
100000, 4096, 128, 0.292647
100000, 4096, 200, 0.319197
100000, 4096, 256, 0.291822
100000, 4096, 400, 0.317716
100000, 4096, 512, 0.296480
100000, 4096, 750, 0.334981
100000, 4096, 1024, 0.330377
100000, 8192, 32, 0.291010
100000, 8192, 50, 0.371349
100000, 8192, 64, 0.301036
100000, 8192, 100, 0.341388
100000, 8192, 128, 0.289195
100000, 8192, 200, 0.314666
100000, 8192, 256, 0.291578
100000, 8192, 400, 0.317413
100000, 8192, 512, 0.296328
100000, 8192, 750, 0.335346
100000, 8192, 1024, 0.330422
100000, 16384, 32, 0.284231
100000, 16384, 50, 0.376687
100000, 16384, 64, 0.291822
100000, 16384, 100, 0.338308
100000, 16384, 128, 0.281076
100000, 16384, 200, 0.316442
100000, 16384, 256, 0.283744
100000, 16384, 400, 0.317255
100000, 16384, 512, 0.296313
100000, 16384, 750, 0.335029
100000, 16384, 1024, 0.330439
100000, 32768, 32, 0.280170
100000, 32768, 50, 0.375445
100000, 32768, 64, 0.292099
100000, 32768, 100, 0.341802
100000, 32768, 128, 0.284989
100000, 32768, 200, 0.316155
100000, 32768, 256, 0.288307
100000, 32768, 400, 0.318150
100000, 32768, 512, 0.296402
100000, 32768, 750, 0.334596
100000, 32768, 1024, 0.330276
100000, 512, 32, 0.544114
100000, 512, 50, 0.382569
100000, 512, 64, 0.375534
100000, 512, 100, 0.330824
100000, 512, 128, 0.310825
100000, 512, 200, 0.314107
100000, 512, 256, 0.286183
100000, 512, 400, 0.318201
100000, 512, 512, 0.296704
100000, 512, 750, 0.335158
100000, 512, 1024, 0.329451
100000, 1024, 32, 0.377033
100000, 1024, 50, 0.360209
100000, 1024, 64, 0.311728
100000, 1024, 100, 0.334928
100000, 1024, 128, 0.283376
100000, 1024, 200, 0.313756
100000, 1024, 256, 0.286604
100000, 1024, 400, 0.318385
100000, 1024, 512, 0.296387
100000, 1024, 750, 0.334536
100000, 1024, 1024, 0.329882
100000, 2048, 32, 0.311936
100000, 2048, 50, 0.364554
100000, 2048, 64, 0.289626
100000, 2048, 100, 0.334947
100000, 2048, 128, 0.282743
100000, 2048, 200, 0.314467
100000, 2048, 256, 0.286053
100000, 2048, 400, 0.317710
100000, 2048, 512, 0.296529
100000, 2048, 750, 0.334501
100000, 2048, 1024, 0.330517
100000, 4096, 32, 0.285985
100000, 4096, 50, 0.364522
100000, 4096, 64, 0.287958
100000, 4096, 100, 0.342788
100000, 4096, 128, 0.285733
100000, 4096, 200, 0.316945
100000, 4096, 256, 0.290227
100000, 4096, 400, 0.318024
100000, 4096, 512, 0.296295
100000, 4096, 750, 0.334507
100000, 4096, 1024, 0.330321
100000, 8192, 32, 0.282793
100000, 8192, 50, 0.379670
100000, 8192, 64, 0.292967
100000, 8192, 100, 0.341921
100000, 8192, 128, 0.287946
100000, 8192, 200, 0.315662
100000, 8192, 256, 0.290514
100000, 8192, 400, 0.317619
100000, 8192, 512, 0.296000
100000, 8192, 750, 0.334828
100000, 8192, 1024, 0.330370
100000, 16384, 32, 0.287818
100000, 16384, 50, 0.373886
100000, 16384, 64, 0.291270
100000, 16384, 100, 0.340087
100000, 16384, 128, 0.282373
100000, 16384, 200, 0.316863
100000, 16384, 256, 0.289113
100000, 16384, 400, 0.317935
100000, 16384, 512, 0.296240
100000, 16384, 750, 0.334468
100000, 16384, 1024, 0.329725
100000, 32768, 32, 0.286115
100000, 32768, 50, 0.382303
100000, 32768, 64, 0.285809
100000, 32768, 100, 0.338411
100000, 32768, 128, 0.285598
100000, 32768, 200, 0.316308
100000, 32768, 256, 0.284985
100000, 32768, 400, 0.317584
100000, 32768, 512, 0.296682
100000, 32768, 750, 0.335454
100000, 32768, 1024, 0.329388
100000, 512, 32, 0.544564
100000, 512, 50, 0.383712
100000, 512, 64, 0.375531
100000, 512, 100, 0.331068
100000, 512, 128, 0.310502
100000, 512, 200, 0.314092
100000, 512, 256, 0.286261
100000, 512, 400, 0.318213
100000, 512, 512, 0.296276
100000, 512, 750, 0.334760
100000, 512, 1024, 0.330027
100000, 1024, 32, 0.376988
100000, 1024, 50, 0.360635
100000, 1024, 64, 0.311520
100000, 1024, 100, 0.335720
100000, 1024, 128, 0.283384
100000, 1024, 200, 0.313165
100000, 1024, 256, 0.286106
100000, 1024, 400, 0.317509
100000, 1024, 512, 0.296304
100000, 1024, 750, 0.335161
100000, 1024, 1024, 0.329748
100000, 2048, 32, 0.311797
100000, 2048, 50, 0.366510
100000, 2048, 64, 0.289257
100000, 2048, 100, 0.334502
100000, 2048, 128, 0.283341
100000, 2048, 200, 0.313297
100000, 2048, 256, 0.285892
100000, 2048, 400, 0.317918
100000, 2048, 512, 0.296289
100000, 2048, 750, 0.334608
100000, 2048, 1024, 0.330295
100000, 4096, 32, 0.285642
100000, 4096, 50, 0.366969
100000, 4096, 64, 0.288830
100000, 4096, 100, 0.343575
100000, 4096, 128, 0.289779
100000, 4096, 200, 0.316444
100000, 4096, 256, 0.290135
100000, 4096, 400, 0.318174
100000, 4096, 512, 0.296084
100000, 4096, 750, 0.334801
100000, 4096, 1024, 0.330418
100000, 8192, 32, 0.285110
100000, 8192, 50, 0.371618
100000, 8192, 64, 0.308367
100000, 8192, 100, 0.339030
100000, 8192, 128, 0.284072
100000, 8192, 200, 0.317804
100000, 8192, 256, 0.291607
100000, 8192, 400, 0.318107
100000, 8192, 512, 0.295996
100000, 8192, 750, 0.335235
100000, 8192, 1024, 0.330410
100000, 16384, 32, 0.281192
100000, 16384, 50, 0.373038
100000, 16384, 64, 0.289812
100000, 16384, 100, 0.346675
100000, 16384, 128, 0.285831
100000, 16384, 200, 0.314649
100000, 16384, 256, 0.286894
100000, 16384, 400, 0.318023
100000, 16384, 512, 0.296448
100000, 16384, 750, 0.334844
100000, 16384, 1024, 0.330506
100000, 32768, 32, 0.283235
100000, 32768, 50, 0.377998
100000, 32768, 64, 0.290201
100000, 32768, 100, 0.339022
100000, 32768, 128, 0.283875
100000, 32768, 200, 0.315979
100000, 32768, 256, 0.290784
100000, 32768, 400, 0.318079
100000, 32768, 512, 0.296626
100000, 32768, 750, 0.335309
100000, 32768, 1024, 0.330141
100000, 512, 32, 0.544250
100000, 512, 50, 0.383695
100000, 512, 64, 0.375736
100000, 512, 100, 0.330526
100000, 512, 128, 0.310670
100000, 512, 200, 0.314187
100000, 512, 256, 0.286050
100000, 512, 400, 0.317946
100000, 512, 512, 0.296427
100000, 512, 750, 0.334382
100000, 512, 1024, 0.330389
100000, 1024, 32, 0.377004
100000, 1024, 50, 0.360241
100000, 1024, 64, 0.311740
100000, 1024, 100, 0.334764
100000, 1024, 128, 0.283007
100000, 1024, 200, 0.312314
100000, 1024, 256, 0.286246
100000, 1024, 400, 0.317722
100000, 1024, 512, 0.296353
100000, 1024, 750, 0.335178
100000, 1024, 1024, 0.329326
100000, 2048, 32, 0.311656
100000, 2048, 50, 0.365126
100000, 2048, 64, 0.289402
100000, 2048, 100, 0.334776
100000, 2048, 128, 0.283120
100000, 2048, 200, 0.313651
100000, 2048, 256, 0.286458
100000, 2048, 400, 0.318432
100000, 2048, 512, 0.294567
100000, 2048, 750, 0.334778
100000, 2048, 1024, 0.329575
100000, 4096, 32, 0.288690
100000, 4096, 50, 0.368999
100000, 4096, 64, 0.289692
100000, 4096, 100, 0.389818
100000, 4096, 128, 0.292329
100000, 4096, 200, 0.319771
100000, 4096, 256, 0.286196
100000, 4096, 400, 0.318254
100000, 4096, 512, 0.296492
100000, 4096, 750, 0.339645
100000, 4096, 1024, 0.330311
100000, 8192, 32, 0.286019
100000, 8192, 50, 0.376071
100000, 8192, 64, 0.299070
100000, 8192, 100, 0.347799
100000, 8192, 128, 0.318118
100000, 8192, 200, 0.319777
100000, 8192, 256, 0.283733
100000, 8192, 400, 0.317878
100000, 8192, 512, 0.352954
100000, 8192, 750, 0.335382
100000, 8192, 1024, 0.330465
100000, 16384, 32, 0.284987
100000, 16384, 50, 0.417150
100000, 16384, 64, 0.297545
100000, 16384, 100, 0.342956
100000, 16384, 128, 0.295164
100000, 16384, 200, 0.317269
100000, 16384, 256, 0.289582
100000, 16384, 400, 0.318161
100000, 16384, 512, 0.348531
100000, 16384, 750, 0.334947
100000, 16384, 1024, 0.330245
100000, 32768, 32, 0.281008
100000, 32768, 50, 0.409381
100000, 32768, 64, 0.296933
100000, 32768, 100, 0.342323
100000, 32768, 128, 0.279566
100000, 32768, 200, 0.381327
100000, 32768, 256, 0.285478
100000, 32768, 400, 0.317640
100000, 32768, 512, 0.296311
100000, 32768, 750, 0.324552
100000, 32768, 1024, 0.330376
100000, 512, 32, 0.544138
100000, 512, 50, 0.383488
100000, 512, 64, 0.375599
100000, 512, 100, 0.330968
100000, 512, 128, 0.310482
100000, 512, 200, 0.314377
100000, 512, 256, 0.286420
100000, 512, 400, 0.317819
100000, 512, 512, 0.296432
100000, 512, 750, 0.335219
100000, 512, 1024, 0.330403
100000, 1024, 32, 0.377410
100000, 1024, 50, 0.360507
100000, 1024, 64, 0.311842
100000, 1024, 100, 0.334177
100000, 1024, 128, 0.283286
100000, 1024, 200, 0.314016
100000, 1024, 256, 0.286208
100000, 1024, 400, 0.318260
100000, 1024, 512, 0.296598
100000, 1024, 750, 0.334710
100000, 1024, 1024, 0.330338
100000, 2048, 32, 0.311781
100000, 2048, 50, 0.368194
100000, 2048, 64, 0.289570
100000, 2048, 100, 0.334587
100000, 2048, 128, 0.283357
100000, 2048, 200, 0.314010
100000, 2048, 256, 0.286176
100000, 2048, 400, 0.318187
100000, 2048, 512, 0.296404
100000, 2048, 750, 0.335050
100000, 2048, 1024, 0.329905
100000, 4096, 32, 0.280155
100000, 4096, 50, 0.366812
100000, 4096, 64, 0.289737
100000, 4096, 100, 0.337688
100000, 4096, 128, 0.283483
100000, 4096, 200, 0.316505
100000, 4096, 256, 0.283169
100000, 4096, 400, 0.318478
100000, 4096, 512, 0.296156
100000, 4096, 750, 0.335366
100000, 4096, 1024, 0.330785
100000, 8192, 32, 0.286347
100000, 8192, 50, 0.376886
100000, 8192, 64, 0.290617
100000, 8192, 100, 0.343248
100000, 8192, 128, 0.283072
100000, 8192, 200, 0.316145
100000, 8192, 256, 0.289847
100000, 8192, 400, 0.317881
100000, 8192, 512, 0.296601
100000, 8192, 750, 0.335513
100000, 8192, 1024, 0.329598
100000, 16384, 32, 0.281761
100000, 16384, 50, 0.378025
100000, 16384, 64, 0.287588
100000, 16384, 100, 0.346042
100000, 16384, 128, 0.289875
100000, 16384, 200, 0.316563
100000, 16384, 256, 0.285357
100000, 16384, 400, 0.318126
100000, 16384, 512, 0.296160
100000, 16384, 750, 0.334714
100000, 16384, 1024, 0.403848
100000, 32768, 32, 0.632688
100000, 32768, 50, 0.387067
100000, 32768, 64, 0.289344
100000, 32768, 100, 0.348407
100000, 32768, 128, 0.590109
100000, 32768, 200, 0.691958
100000, 32768, 256, 0.273497
100000, 32768, 400, 0.317953
100000, 32768, 512, 0.296103
100000, 32768, 750, 0.334905
100000, 32768, 1024, 0.330229
100000, 512, 32, 0.543700
100000, 512, 50, 0.383387
100000, 512, 64, 0.375923
100000, 512, 100, 0.330719
100000, 512, 128, 0.310708
100000, 512, 200, 0.313712
100000, 512, 256, 0.286160
100000, 512, 400, 0.318000
100000, 512, 512, 0.296646
100000, 512, 750, 0.335034
100000, 512, 1024, 0.330336
100000, 1024, 32, 0.377124
100000, 1024, 50, 0.360601
100000, 1024, 64, 0.311651
100000, 1024, 100, 0.334799
100000, 1024, 128, 0.283078
100000, 1024, 200, 0.313930
100000, 1024, 256, 0.286295
100000, 1024, 400, 0.318221
100000, 1024, 512, 0.296501
100000, 1024, 750, 0.335234
100000, 1024, 1024, 0.330127
100000, 2048, 32, 0.311747
100000, 2048, 50, 0.364251
100000, 2048, 64, 0.288938
100000, 2048, 100, 0.334043
100000, 2048, 128, 0.283247
100000, 2048, 200, 0.314755
100000, 2048, 256, 0.286192
100000, 2048, 400, 0.318016
100000, 2048, 512, 0.296141
100000, 2048, 750, 0.334310
100000, 2048, 1024, 0.330289
100000, 4096, 32, 0.283707
100000, 4096, 50, 0.363574
100000, 4096, 64, 0.288795
100000, 4096, 100, 0.344817
100000, 4096, 128, 0.285026
100000, 4096, 200, 0.318426
100000, 4096, 256, 0.292130
100000, 4096, 400, 0.317519
100000, 4096, 512, 0.296597
100000, 4096, 750, 0.335355
100000, 4096, 1024, 0.330504
100000, 8192, 32, 0.283647
100000, 8192, 50, 0.378673
100000, 8192, 64, 0.292461
100000, 8192, 100, 0.346120
100000, 8192, 128, 0.290008
100000, 8192, 200, 0.317994
100000, 8192, 256, 0.290721
100000, 8192, 400, 0.318237
100000, 8192, 512, 0.296562
100000, 8192, 750, 0.334771
100000, 8192, 1024, 0.330295
100000, 16384, 32, 0.282623
100000, 16384, 50, 0.371407
100000, 16384, 64, 0.300950
100000, 16384, 100, 0.339351
100000, 16384, 128, 0.289728
100000, 16384, 200, 0.316057
100000, 16384, 256, 0.284226
100000, 16384, 400, 0.317828
100000, 16384, 512, 0.296347
100000, 16384, 750, 0.334976
100000, 16384, 1024, 0.330459
100000, 32768, 32, 0.282511
100000, 32768, 50, 0.374368
100000, 32768, 64, 0.290979
100000, 32768, 100, 0.343421
100000, 32768, 128, 0.284265
100000, 32768, 200, 0.315369
100000, 32768, 256, 0.291625
100000, 32768, 400, 0.317359
100000, 32768, 512, 0.296269
100000, 32768, 750, 0.334725
100000, 32768, 1024, 0.330584
