elements,threadsPerBlock,blocks,GPU
100000,64,1,2.796666
100000,64,1,2.796836
100000,64,1,2.790852
100000,64,1,2.795312
100000,64,1,2.792107
100000,64,1,2.960861
100000,64,1,2.799530
100000,64,1,2.821571
100000,64,1,2.797345
100000,64,1,2.791773
100000,64,1,2.800497
100000,64,1,2.837525
100000,64,1,2.810449
100000,64,1,2.840079
100000,64,1,2.841685
100000,64,1,2.812791
100000,64,1,2.811077
100000,64,1,3.269483
100000,64,1,3.789897
100000,64,1,3.786585
100000,64,2,3.567761
100000,64,2,2.873074
100000,64,2,2.871035
100000,64,2,2.875004
100000,64,2,2.913108
100000,64,2,2.971533
100000,64,2,2.898760
100000,64,2,2.898263
100000,64,2,2.901880
100000,64,2,2.901854
100000,64,2,2.893495
100000,64,2,2.898966
100000,64,2,2.894384
100000,64,2,2.902996
100000,64,2,2.893670
100000,64,2,2.900141
100000,64,2,2.893501
100000,64,2,2.895323
100000,64,2,2.895144
100000,64,2,2.897502
100000,64,4,2.897012
100000,64,4,2.902527
100000,64,4,2.901527
100000,64,4,2.898677
100000,64,4,2.896511
100000,64,4,3.047736
100000,64,4,2.903902
100000,64,4,2.899364
100000,64,4,2.912413
100000,64,4,2.903038
100000,64,4,2.902627
100000,64,4,2.898936
100000,64,4,2.902979
100000,64,4,2.902619
100000,64,4,2.900967
100000,64,4,2.932369
100000,64,4,2.901607
100000,64,4,2.901542
100000,64,4,2.902387
100000,64,4,2.899405
100000,64,8,2.896867
100000,64,8,2.899017
100000,64,8,2.901878
100000,64,8,2.904504
100000,64,8,2.923233
100000,64,8,3.102676
100000,64,8,2.937423
100000,64,8,2.900225
100000,64,8,2.904613
100000,64,8,2.899007
100000,64,8,2.904019
100000,64,8,2.923591
100000,64,8,2.923109
100000,64,8,2.922264
100000,64,8,2.923141
100000,64,8,2.919011
100000,64,8,2.923650
100000,64,8,2.919886
100000,64,8,2.923828
100000,64,8,2.925768
100000,64,16,2.920331
100000,64,16,4.637373
100000,64,16,3.700694
100000,64,16,3.701821
100000,64,16,3.723537
100000,64,16,3.695837
100000,64,16,3.692673
100000,64,16,2.985432
100000,64,16,2.927574
100000,64,16,2.916037
100000,64,16,2.927213
100000,64,16,2.922346
100000,64,16,2.925075
100000,64,16,2.925133
100000,64,16,2.943035
100000,64,16,2.919434
100000,64,16,2.926715
100000,64,16,2.918928
100000,64,16,2.929300
100000,64,16,3.185258
100000,64,32,3.752887
100000,64,32,3.742440
100000,64,32,3.414469
100000,64,32,3.033937
100000,64,32,2.922935
100000,64,32,2.924077
100000,64,32,2.927834
100000,64,32,2.915585
100000,64,32,2.917127
100000,64,32,2.915698
100000,64,32,2.919331
100000,64,32,2.918249
100000,64,32,2.923233
100000,64,32,2.916496
100000,64,32,2.916713
100000,64,32,2.916200
100000,64,32,2.916034
100000,64,32,2.916022
100000,64,32,2.921937
100000,64,32,2.915737
100000,64,64,2.916422
100000,64,64,2.916897
100000,64,64,4.517520
100000,64,64,4.978646
100000,64,64,3.677272
100000,64,64,3.686158
100000,64,64,3.039209
100000,64,64,2.938910
100000,64,64,2.934844
100000,64,64,2.938186
100000,64,64,2.934353
100000,64,64,2.934320
100000,64,64,2.959403
100000,64,64,2.934840
100000,64,64,2.936196
100000,64,64,2.934447
100000,64,64,2.934153
100000,64,64,2.934707
100000,64,64,2.934280
100000,64,64,2.942349
100000,64,128,2.971376
100000,64,128,3.092694
100000,64,128,2.981588
100000,64,128,2.978626
100000,64,128,2.975136
100000,64,128,2.972753
100000,64,128,2.970911
100000,64,128,2.974096
100000,64,128,2.982385
100000,64,128,2.982628
100000,64,128,2.979700
100000,64,128,2.978093
100000,64,128,2.975938
100000,64,128,2.975932
100000,64,128,2.982862
100000,64,128,2.975843
100000,64,128,2.977865
100000,64,128,2.979054
100000,64,128,2.977969
100000,64,128,2.982882
100000,64,256,3.098479
100000,64,256,3.202440
100000,64,256,3.106934
100000,64,256,3.135845
100000,64,256,3.119117
100000,64,256,3.121329
100000,64,256,3.118531
100000,64,256,3.121285
100000,64,256,3.123112
100000,64,256,3.121531
100000,64,256,3.138874
100000,64,256,3.118700
100000,64,256,3.121708
100000,64,256,3.121073
100000,64,256,3.125191
100000,64,256,3.126075
100000,64,256,3.121677
100000,64,256,3.121236
100000,64,256,3.118876
100000,64,256,3.127382
100000,64,450,3.465851
100000,64,450,3.385096
100000,64,450,3.402279
100000,64,450,3.399034
100000,64,450,3.409866
100000,64,450,3.404617
100000,64,450,3.402873
100000,64,450,3.410657
100000,64,450,3.407328
100000,64,450,3.415176
100000,64,450,3.419336
100000,64,450,3.419320
100000,64,450,3.420073
100000,64,450,3.415550
100000,64,450,3.402690
100000,64,450,3.411247
100000,64,450,3.407520
100000,64,450,3.560599
100000,64,450,3.476442
100000,64,450,3.420955
100000,64,512,3.608103
100000,64,512,5.680903
100000,64,512,4.252664
100000,64,512,4.268778
100000,64,512,4.270890
100000,64,512,4.279181
100000,64,512,4.278489
100000,64,512,4.284975
100000,64,512,4.291857
100000,64,512,4.298054
100000,64,512,4.300002
100000,64,512,4.334000
100000,64,512,4.295881
100000,64,512,4.293557
100000,64,512,3.749555
100000,64,512,3.668941
100000,64,512,3.655863
100000,64,512,3.646780
100000,64,512,3.673216
100000,64,512,3.665136
100000,64,800,4.926097
100000,64,800,7.198796
100000,64,800,4.948651
100000,64,800,4.947803
100000,64,800,4.991474
100000,64,800,4.990778
100000,64,800,4.977162
100000,64,800,4.948874
100000,64,800,4.947095
100000,64,800,4.947402
100000,64,800,4.949484
100000,64,800,4.946050
100000,64,800,8.242436
100000,64,800,8.414460
100000,64,800,4.947312
100000,64,800,4.990262
100000,64,800,4.948684
100000,64,800,4.962836
100000,64,800,4.958111
100000,64,800,4.967336
100000,64,1024,6.359353
100000,64,1024,6.361758
100000,64,1024,6.358067
100000,64,1024,6.352327
100000,64,1024,6.352384
100000,64,1024,6.360411
100000,64,1024,6.402283
100000,64,1024,6.359216
100000,64,1024,6.351218
100000,64,1024,6.368858
100000,64,1024,6.361692
100000,64,1024,6.356994
100000,64,1024,6.367647
100000,64,1024,6.378010
100000,64,1024,6.374338
100000,64,1024,6.426428
100000,64,1024,6.374308
100000,64,1024,6.385833
100000,64,1024,6.373736
100000,64,1024,6.378649
100000,64,1500,8.753015
100000,64,1500,8.761996
100000,64,1500,8.758077
100000,64,1500,8.806960
100000,64,1500,8.767734
100000,64,1500,8.766310
100000,64,1500,8.747563
100000,64,1500,8.768218
100000,64,1500,8.748416
100000,64,1500,8.771813
100000,64,1500,8.820162
100000,64,1500,8.785700
100000,64,1500,8.757440
100000,64,1500,8.776291
100000,64,1500,8.775341
100000,64,1500,8.764070
100000,64,1500,8.767559
100000,64,1500,9.302096
100000,64,1500,8.765481
100000,64,1500,8.780510
100000,128,1,2.993741
100000,128,1,2.967600
100000,128,1,2.958282
100000,128,1,2.955795
100000,128,1,2.955057
100000,128,1,2.954555
100000,128,1,2.960611
100000,128,1,2.954376
100000,128,1,2.941294
100000,128,1,2.934359
100000,128,1,2.941651
100000,128,1,3.071338
100000,128,1,2.979038
100000,128,1,2.943744
100000,128,1,2.938431
100000,128,1,2.935140
100000,128,1,2.936460
100000,128,1,2.933199
100000,128,1,2.935329
100000,128,1,2.914985
100000,128,2,2.979955
100000,128,2,2.981348
100000,128,2,2.970788
100000,128,2,2.982474
100000,128,2,3.086731
100000,128,2,2.972786
100000,128,2,2.991088
100000,128,2,2.975086
100000,128,2,2.972125
100000,128,2,2.970500
100000,128,2,4.558079
100000,128,2,3.037921
100000,128,2,2.969417
100000,128,2,2.972860
100000,128,2,2.977082
100000,128,2,2.973017
100000,128,2,2.970284
100000,128,2,2.969281
100000,128,2,2.970347
100000,128,2,2.974803
100000,128,4,2.975014
100000,128,4,2.976166
100000,128,4,2.972956
100000,128,4,2.976115
100000,128,4,2.975849
100000,128,4,2.980881
100000,128,4,2.973186
100000,128,4,2.972868
100000,128,4,2.975013
100000,128,4,2.975340
100000,128,4,3.036304
100000,128,4,3.105907
100000,128,4,2.971926
100000,128,4,2.976605
100000,128,4,2.973246
100000,128,4,2.971987
100000,128,4,2.969419
100000,128,4,2.972770
100000,128,4,2.968236
100000,128,4,2.971829
100000,128,8,2.968713
100000,128,8,2.968770
100000,128,8,2.971824
100000,128,8,2.971870
100000,128,8,3.003334
100000,128,8,2.970711
100000,128,8,2.971148
100000,128,8,2.968222
100000,128,8,2.971350
100000,128,8,2.971948
100000,128,8,3.114954
100000,128,8,2.971606
100000,128,8,3.491000
100000,128,8,2.973017
100000,128,8,2.970270
100000,128,8,2.975640
100000,128,8,2.971719
100000,128,8,2.975152
100000,128,8,2.968477
100000,128,8,2.969878
100000,128,16,3.318219
100000,128,16,2.973757
100000,128,16,2.976759
100000,128,16,2.989668
100000,128,16,2.968692
100000,128,16,2.974582
100000,128,16,2.970688
100000,128,16,4.423969
100000,128,16,2.976321
100000,128,16,3.099729
100000,128,16,2.974972
100000,128,16,2.970050
100000,128,16,2.974766
100000,128,16,2.971131
100000,128,16,2.969457
100000,128,16,2.970505
100000,128,16,2.977625
100000,128,16,2.974844
100000,128,16,2.973444
100000,128,16,2.967850
100000,128,32,2.975098
100000,128,32,2.979148
100000,128,32,2.974130
100000,128,32,2.971238
100000,128,32,2.970298
100000,128,32,2.977406
100000,128,32,2.980686
100000,128,32,2.976025
100000,128,32,5.409701
100000,128,32,2.971361
100000,128,32,2.979968
100000,128,32,2.971534
100000,128,32,2.974408
100000,128,32,2.974146
100000,128,32,2.970891
100000,128,32,2.977416
100000,128,32,2.966218
100000,128,32,2.967963
100000,128,32,3.479091
100000,128,32,2.970939
100000,128,64,2.973909
100000,128,64,2.977921
100000,128,64,3.069870
100000,128,64,3.098651
100000,128,64,2.983806
100000,128,64,2.984836
100000,128,64,2.983863
100000,128,64,3.062535
100000,128,64,3.052417
100000,128,64,2.979102
100000,128,64,4.691382
100000,128,64,3.454360
100000,128,64,2.991573
100000,128,64,2.988379
100000,128,64,2.984658
100000,128,64,2.986066
100000,128,64,2.979733
100000,128,64,2.977263
100000,128,64,2.978383
100000,128,64,2.978526
100000,128,128,3.118308
100000,128,128,3.120732
100000,128,128,3.143712
100000,128,128,3.121719
100000,128,128,3.127915
100000,128,128,3.119962
100000,128,128,3.170075
100000,128,128,3.166594
100000,128,128,3.120350
100000,128,128,3.118555
100000,128,128,3.278228
100000,128,128,5.003553
100000,128,128,3.168480
100000,128,128,3.121428
100000,128,128,3.128843
100000,128,128,3.120266
100000,128,128,3.130417
100000,128,128,3.126953
100000,128,128,3.126279
100000,128,128,3.141868
100000,128,256,3.585031
100000,128,256,3.587379
100000,128,256,3.591593
100000,128,256,3.598080
100000,128,256,3.663761
100000,128,256,3.594675
100000,128,256,3.594264
100000,128,256,3.607693
100000,128,256,3.601041
100000,128,256,3.602409
100000,128,256,3.598635
100000,128,256,3.607789
100000,128,256,3.614181
100000,128,256,3.616764
100000,128,256,3.618525
100000,128,256,3.634511
100000,128,256,3.642300
100000,128,256,3.640794
100000,128,256,3.634595
100000,128,256,3.651796
100000,128,450,5.622543
100000,128,450,5.565821
100000,128,450,5.574331
100000,128,450,5.573556
100000,128,450,5.587590
100000,128,450,6.061921
100000,128,450,5.592220
100000,128,450,5.580182
100000,128,450,5.595263
100000,128,450,5.602539
100000,128,450,5.594543
100000,128,450,5.685996
100000,128,450,5.622826
100000,128,450,5.603192
100000,128,450,5.598224
100000,128,450,5.615653
100000,128,450,6.124852
100000,128,450,5.596750
100000,128,450,5.607982
100000,128,450,5.612423
100000,128,512,6.281265
100000,128,512,6.803434
100000,128,512,8.025184
100000,128,512,6.301518
100000,128,512,6.289606
100000,128,512,6.314941
100000,128,512,6.306457
100000,128,512,6.306528
100000,128,512,6.317367
100000,128,512,6.316947
100000,128,512,6.356702
100000,128,512,6.318194
100000,128,512,6.322767
100000,128,512,8.730598
100000,128,512,6.310108
100000,128,512,6.299072
100000,128,512,6.317014
100000,128,512,6.316375
100000,128,512,6.347538
100000,128,512,6.389155
 100000,128,800,8.789403
100000,128,800,8.817414
100000,128,800,8.840313
100000,128,800,8.852609
100000,128,800,8.839319
100000,128,800,8.833095
100000,128,800,8.887176
100000,128,800,8.749496
100000,128,800,8.754864
100000,128,800,8.783474
100000,128,800,9.513305
100000,128,800,8.797957
100000,128,800,8.869554
100000,128,800,11.257507
100000,128,800,8.785247
100000,128,800,8.796299
100000,128,800,8.818145
100000,128,800,8.843353
100000,128,800,8.835150
100000,128,800,8.892504
100000,128,1024,8.869734
100000,128,1024,8.823854
100000,128,1024,8.960816
100000,128,1024,8.846006
100000,128,1024,8.834951
100000,128,1024,8.837665
100000,128,1024,8.840992
100000,128,1024,8.904091
100000,128,1024,8.836029
100000,128,1024,8.835038
100000,128,1024,8.841812
100000,128,1024,8.839206
100000,128,1024,8.841471
100000,128,1024,8.851541
100000,128,1024,8.901006
100000,128,1024,8.847929
100000,128,1024,8.841835
100000,128,1024,8.874467
100000,128,1024,8.866576
100000,128,1024,8.841607
100000,128,1500,8.835577
100000,128,1500,8.893432
100000,128,1500,8.836748
100000,128,1500,8.838784
100000,128,1500,8.834459
100000,128,1500,8.828409
100000,128,1500,8.827388
100000,128,1500,8.866583
100000,128,1500,8.884870
100000,128,1500,8.847458
100000,128,1500,8.853018
100000,128,1500,8.832624
100000,128,1500,8.860550
100000,128,1500,8.867716
100000,128,1500,8.885176
100000,128,1500,8.899225
100000,128,1500,8.846282
100000,128,1500,8.859643
100000,128,1500,8.843480
100000,128,1500,8.829863
100000,256,1,3.074811
100000,256,1,3.136329
100000,256,1,3.077382
100000,256,1,3.597947
100000,256,1,4.133530
100000,256,1,4.100125
100000,256,1,3.077277
100000,256,1,3.072693
100000,256,1,3.058702
100000,256,1,3.052462
100000,256,1,3.056523
100000,256,1,3.048565
100000,256,1,3.049040
100000,256,1,3.048554
100000,256,1,3.057935
100000,256,1,3.048933
100000,256,1,3.048158
100000,256,1,3.048930
100000,256,1,3.090001
100000,256,1,3.051698
100000,256,2,3.117533
100000,256,2,3.126568
100000,256,2,3.093154
100000,256,2,3.238622
100000,256,2,3.093975
100000,256,2,3.085096
100000,256,2,3.088780
100000,256,2,3.084316
100000,256,2,3.084287
100000,256,2,3.087701
100000,256,2,3.092259
100000,256,2,3.084408
100000,256,2,3.086752
100000,256,2,3.086555
100000,256,2,3.084762
100000,256,2,3.089387
100000,256,2,3.084413
100000,256,2,3.084879
100000,256,2,3.087770
100000,256,2,3.093339
100000,256,4,3.094540
100000,256,4,3.092429
100000,256,4,3.237212
100000,256,4,3.093444
 100000,256,4,3.089177
100000,256,4,3.094308
100000,256,4,3.088254
100000,256,4,3.089925
100000,256,4,3.137961
100000,256,4,3.088996
100000,256,4,3.088275
100000,256,4,3.090570
100000,256,4,3.089591
100000,256,4,3.088937
100000,256,4,3.111703
100000,256,4,3.098039
100000,256,4,3.098420
100000,256,4,3.096171
100000,256,4,3.088900
100000,256,4,3.089307
100000,256,8,3.095336
100000,256,8,3.234676
100000,256,8,3.094375
100000,256,8,3.088394
100000,256,8,3.101469
100000,256,8,3.090052
100000,256,8,3.089509
100000,256,8,3.088849
100000,256,8,3.500785
100000,256,8,3.078367
100000,256,8,3.073786
100000,256,8,3.066045
100000,256,8,3.077418
100000,256,8,3.065350
100000,256,8,3.073701
100000,256,8,3.073432
100000,256,8,3.071081
100000,256,8,3.064943
100000,256,8,3.074384
100000,256,8,3.073702
100000,256,16,3.202999
100000,256,16,3.075907
100000,256,16,3.066472
100000,256,16,3.068822
100000,256,16,3.065754
100000,256,16,3.140024
100000,256,16,3.075564
100000,256,16,3.065819
100000,256,16,3.071415
100000,256,16,3.065891
100000,256,16,3.063855
100000,256,16,3.064778
100000,256,16,3.073969
100000,256,16,3.065425
100000,256,16,3.078867
100000,256,16,3.071220
100000,256,16,3.214378
100000,256,16,3.079529
100000,256,16,3.068026
100000,256,16,3.071010
100000,256,32,3.066314
100000,256,32,3.064978
100000,256,32,3.067728
100000,256,32,3.090809
100000,256,32,3.089102
100000,256,32,3.088315
100000,256,32,3.090015
100000,256,32,3.092579
100000,256,32,3.109668
100000,256,32,3.089255
100000,256,32,3.088706
100000,256,32,3.095246
100000,256,32,3.267505
100000,256,32,3.103859
100000,256,32,3.093237
100000,256,32,3.213306
100000,256,32,3.104199
100000,256,32,3.094701
100000,256,32,3.099283
100000,256,32,4.156566
100000,256,64,3.643175
100000,256,64,3.120928
100000,256,64,3.132091
100000,256,64,3.131875
100000,256,64,3.130139
100000,256,64,3.122170
100000,256,64,3.128815
100000,256,64,3.127924
100000,256,64,3.120332
100000,256,64,3.132823
100000,256,64,3.129602
100000,256,64,3.127290
100000,256,64,3.121671
100000,256,64,3.244601
100000,256,64,3.160929
100000,256,64,3.152450
100000,256,64,3.146188
100000,256,64,3.150028
100000,256,64,3.149941
100000,256,64,3.148669
100000,256,128,3.606737
100000,256,128,3.605421
100000,256,128,3.618313
100000,256,128,3.610483
100000,256,128,3.612049
100000,256,128,3.611696
100000,256,128,3.609641
100000,256,128,3.612053
100000,256,128,3.611926
100000,256,128,3.612978
100000,256,128,3.658101
100000,256,128,3.621117
100000,256,128,3.626057
100000,256,128,4.455746
100000,256,128,3.650026
100000,256,128,5.652921
100000,256,128,6.682700
100000,256,128,6.688842
100000,256,128,5.639615
100000,256,128,3.686540
100000,256,256,6.055881
100000,256,256,6.059132
100000,256,256,6.109013
100000,256,256,6.055802
100000,256,256,6.069684
100000,256,256,6.065410
100000,256,256,6.069919
100000,256,256,6.074195
100000,256,256,6.076581
100000,256,256,6.068172
100000,256,256,6.078643
100000,256,256,6.087303
100000,256,256,6.125499
100000,256,256,6.089643
100000,256,256,6.087893
100000,256,256,6.099665
100000,256,256,6.101574
100000,256,256,6.106388
100000,256,256,6.108280
100000,256,256,6.105540
100000,256,450,8.625178
100000,256,450,8.706400
100000,256,450,8.651602
100000,256,450,8.653169
100000,256,450,8.657101
100000,256,450,8.661926
100000,256,450,8.651670
100000,256,450,8.667571
100000,256,450,8.751384
100000,256,450,8.682898
100000,256,450,8.678428
100000,256,450,8.683092
100000,256,450,8.714460
100000,256,450,8.695490
100000,256,450,8.706978
100000,256,450,8.765765
100000,256,450,8.705511
100000,256,450,8.708591
100000,256,450,8.705087
100000,256,450,8.713693
100000,256,512,8.700924
100000,256,512,9.733012
100000,256,512,11.319151
100000,256,512,8.652854
100000,256,512,8.670606
100000,256,512,8.695053
100000,256,512,8.701482
100000,256,512,8.705745
100000,256,512,8.716203
100000,256,512,8.768350
100000,256,512,8.720912
100000,256,512,8.717385
100000,256,512,8.722017
100000,256,512,8.719670
100000,256,512,8.714572
100000,256,512,8.717270
100000,256,512,8.758581
100000,256,512,8.724559
100000,256,512,8.731827
100000,256,512,8.694919
100000,256,800,8.707688
100000,256,800,8.716450
100000,256,800,8.728334
100000,256,800,8.779915
100000,256,800,8.724795
100000,256,800,8.715501
100000,256,800,8.729227
100000,256,800,8.715740
100000,256,800,8.719170
100000,256,800,8.789479
100000,256,800,8.714989
100000,256,800,8.720665
100000,256,800,8.721011
100000,256,800,8.716762
100000,256,800,8.718816
100000,256,800,8.782200
100000,256,800,8.776456
100000,256,800,8.723125
100000,256,800,8.718986
100000,256,800,8.734748
100000,256,1024,8.734433
100000,256,1024,8.737054
100000,256,1024,8.722490
100000,256,1024,8.790387
100000,256,1024,8.713710
100000,256,1024,8.725482
100000,256,1024,9.458300
100000,256,1024,8.718350
100000,256,1024,9.959909
100000,256,1024,8.712921
100000,256,1024,8.763491
100000,256,1024,8.739571
100000,256,1024,8.698909
100000,256,1024,8.733229
100000,256,1024,8.724296
100000,256,1024,9.678017
100000,256,1024,9.433840
100000,256,1024,8.720407
100000,256,1024,9.879884
100000,256,1024,8.709529
100000,256,1500,8.713482
100000,256,1500,9.002200
100000,256,1500,8.748589
100000,256,1500,8.814210
100000,256,1500,8.734143
100000,256,1500,8.725042
100000,256,1500,8.707056
100000,256,1500,8.771433
100000,256,1500,8.709699
100000,256,1500,8.722461
100000,256,1500,8.786860
100000,256,1500,8.726490
100000,256,1500,8.721615
100000,256,1500,8.719756
100000,256,1500,8.740690
100000,256,1500,8.718113
100000,256,1500,8.719604
100000,256,1500,8.801552
100000,256,1500,8.727251
100000,256,1500,8.737805
100000,400,1,3.202775
100000,400,1,3.193921
100000,400,1,3.195353
100000,400,1,3.198030
100000,400,1,3.250737
100000,400,1,3.194136
100000,400,1,3.196142
100000,400,1,3.196732
100000,400,1,3.192697
100000,400,1,3.198184
100000,400,1,3.239752
100000,400,1,3.339914
100000,400,1,3.175525
100000,400,1,3.175215
100000,400,1,3.173994
100000,400,1,3.170445
100000,400,1,3.169717
100000,400,1,3.168360
100000,400,1,3.170692
100000,400,1,3.169879
100000,400,2,3.233656
100000,400,2,3.232711
100000,400,2,3.231913
100000,400,2,3.232697
100000,400,2,3.230508
100000,400,2,3.231823
100000,400,2,3.321373
100000,400,2,3.209560
100000,400,2,3.208530
100000,400,2,3.343450
100000,400,2,3.208519
100000,400,2,3.204515
100000,400,2,3.209769
100000,400,2,3.213079
100000,400,2,3.241068
100000,400,2,3.206048
100000,400,2,3.204985
100000,400,2,3.204120
100000,400,2,3.206462
100000,400,2,3.206435
100000,400,4,3.207696
100000,400,4,3.209101
100000,400,4,3.207151
100000,400,4,3.208945
100000,400,4,3.209894
100000,400,4,3.206427
100000,400,4,3.224434
100000,400,4,3.673572
100000,400,4,3.261764
100000,400,4,3.212751
100000,400,4,3.211387
100000,400,4,3.213696
100000,400,4,3.209637
100000,400,4,3.214438
100000,400,4,3.215061
100000,400,4,3.215121
100000,400,4,3.210800
100000,400,4,3.208059
100000,400,4,3.213156
100000,400,4,3.213911
100000,400,8,3.214236
100000,400,8,3.212798
100000,400,8,3.209486
100000,400,8,3.209970
100000,400,8,3.207945
100000,400,8,3.227914
100000,400,8,3.481131
100000,400,8,3.214124
100000,400,8,3.210650
100000,400,8,3.226918
100000,400,8,3.209413
100000,400,8,3.209725
100000,400,8,3.211605
100000,400,8,3.213779
100000,400,8,3.213178
100000,400,8,3.218286
100000,400,8,3.214039
100000,400,8,3.212655
100000,400,8,3.212118
100000,400,8,3.215422
100000,400,16,3.205779
100000,400,16,3.217149
100000,400,16,3.210229
100000,400,16,3.229377
100000,400,16,3.409860
100000,400,16,3.228752
100000,400,16,3.212998
100000,400,16,3.218927
100000,400,16,3.214408
100000,400,16,3.389504
100000,400,16,3.219256
100000,400,16,3.207461
100000,400,16,3.213817
100000,400,16,3.215375
100000,400,16,3.212591
100000,400,16,3.607113
100000,400,16,3.214316
100000,400,16,3.210789
100000,400,16,3.211179
100000,400,16,3.215069
100000,400,32,3.213607
100000,400,32,3.213599
100000,400,32,3.304888
100000,400,32,3.212122
100000,400,32,3.434779
100000,400,32,3.245679
100000,400,32,3.237302
100000,400,32,3.238026
100000,400,32,3.234816
100000,400,32,3.233625
100000,400,32,3.237988
100000,400,32,3.238455
100000,400,32,3.233550
100000,400,32,3.235807
100000,400,32,3.241666
100000,400,32,3.235910
100000,400,32,3.230377
100000,400,32,3.237293
100000,400,32,4.002175
100000,400,32,3.269852
100000,400,64,3.444235
100000,400,64,3.447073
100000,400,64,3.361640
100000,400,64,3.368504
100000,400,64,3.368950
100000,400,64,3.380153
100000,400,64,3.391912
100000,400,64,3.464804
100000,400,64,3.390561
100000,400,64,3.466909
100000,400,64,3.397899
100000,400,64,3.393489
100000,400,64,3.377754
100000,400,64,3.380766
100000,400,64,3.385072
100000,400,64,3.390831
100000,400,64,3.401609
100000,400,64,3.398811
100000,400,64,3.471690
100000,400,64,3.414928
100000,400,128,5.170363
100000,400,128,5.161044
100000,400,128,5.164595
100000,400,128,5.173458
100000,400,128,5.166837
100000,400,128,5.193821
100000,400,128,5.193363
100000,400,128,5.186123
100000,400,128,5.194435
100000,400,128,5.183715
100000,400,128,5.218531
100000,400,128,5.194976
100000,400,128,5.199521
100000,400,128,5.200601
100000,400,128,5.207727
100000,400,128,5.274514
100000,400,128,5.189472
100000,400,128,5.200640
100000,400,128,5.300055
100000,400,128,5.279792
100000,400,256,10.088457
100000,400,256,9.949369
100000,400,256,10.465151
100000,400,256,9.786553
100000,400,256,9.796007
100000,400,256,9.783312
100000,400,256,9.848023
100000,400,256,16.552782
100000,400,256,18.851691
100000,400,256,9.745908
100000,400,256,9.772099
100000,400,256,9.817037
100000,400,256,9.797729
100000,400,256,9.790420
100000,400,256,9.807515
100000,400,256,9.833220
100000,400,256,9.830448
100000,400,256,9.870184
100000,400,256,9.838579
100000,400,256,10.122731
100000,400,450,9.878236
100000,400,450,9.850110
100000,400,450,9.875499
100000,400,450,9.881887
100000,400,450,9.843698
100000,400,450,9.850546
100000,400,450,9.867101
100000,400,450,9.853131
100000,400,450,9.866634
100000,400,450,10.148038
100000,400,450,9.853882
100000,400,450,9.854073
100000,400,450,9.858228
100000,400,450,9.890678
100000,400,450,9.872444
100000,400,450,9.916754
100000,400,450,10.089665
100000,400,450,9.830368
100000,400,450,9.853825
100000,400,450,9.872000
100000,400,512,9.844110
100000,400,512,9.905621
100000,400,512,10.116328
100000,400,512,9.823459
100000,400,512,9.848242
100000,400,512,9.850399
100000,400,512,9.847551
100000,400,512,9.911996
100000,400,512,9.883241
100000,400,512,10.132259
100000,400,512,9.847496
100000,400,512,9.873289
100000,400,512,9.854280
100000,400,512,10.160569
100000,400,512,9.846748
100000,400,512,9.841939
100000,400,512,9.874200
100000,400,512,9.849777
100000,400,512,9.843308
100000,400,512,9.854780
100000,400,800,9.880425
100000,400,800,10.149587
100000,400,800,9.846558
100000,400,800,11.359685
100000,400,800,9.888332
100000,400,800,10.103580
100000,400,800,9.842846
100000,400,800,9.877422
100000,400,800,9.839812
100000,400,800,9.858425
100000,400,800,9.902046
100000,400,800,10.168270
100000,400,800,9.836494
100000,400,800,9.872983
100000,400,800,9.847221
100000,400,800,9.864880
100000,400,800,9.887128
100000,400,800,9.935533
100000,400,800,10.288497
100000,400,800,9.919556
100000,400,1024,9.849466
100000,400,1024,9.862866
100000,400,1024,9.859695
100000,400,1024,10.269481
100000,400,1024,9.847067
100000,400,1024,9.915000
100000,400,1024,9.871876
100000,400,1024,9.847857
100000,400,1024,9.865897
100000,400,1024,9.870680
100000,400,1024,10.347878
100000,400,1024,9.878871
100000,400,1024,9.871454
100000,400,1024,9.848234
100000,400,1024,10.128075
100000,400,1024,10.140387
100000,400,1024,10.089465
100000,400,1024,10.032400
100000,400,1024,9.875671
100000,400,1024,9.859379
100000,400,1500,9.854943
100000,400,1500,9.950082
100000,400,1500,9.860997
100000,400,1500,9.891276
100000,400,1500,9.862335
100000,400,1500,9.920790
100000,400,1500,10.040075
100000,400,1500,9.959055
100000,400,1500,10.027444
100000,400,1500,10.368914
100000,400,1500,9.920288
100000,400,1500,9.941911
100000,400,1500,9.863141
100000,400,1500,9.859324
100000,400,1500,9.872085
100000,400,1500,10.078897
100000,400,1500,9.928563
100000,400,1500,9.943589
100000,400,1500,10.000432
100000,400,1500,9.858391
100000,512,1,3.435542
100000,512,1,4.305479
100000,512,1,3.427046
100000,512,1,3.734544
100000,512,1,3.570887
100000,512,1,3.470377
100000,512,1,3.470466
100000,512,1,3.540124
100000,512,1,4.317918
100000,512,1,4.286117
100000,512,1,7.426717
100000,512,1,7.406980
100000,512,1,3.400171
100000,512,1,3.407157
100000,512,1,3.406730
100000,512,1,3.476942
100000,512,1,3.472912
100000,512,1,3.403017
100000,512,1,3.404321
100000,512,1,3.516052
100000,512,2,3.474083
100000,512,2,3.470727
100000,512,2,3.467191
100000,512,2,3.445955
100000,512,2,3.463748
100000,512,2,3.442378
100000,512,2,3.439938
100000,512,2,6.717205
100000,512,2,8.392878
100000,512,2,8.396363
100000,512,2,8.384825
100000,512,2,9.649630
100000,512,2,9.670870
100000,512,2,9.432185
100000,512,2,10.263584
100000,512,2,10.836163
100000,512,2,11.387912
100000,512,2,11.836705
100000,512,2,20.065777
100000,512,2,28.202742
100000,512,4,20.073104
100000,512,4,5.036972
100000,512,4,12.096467
100000,512,4,48.317368
100000,512,4,48.441039
100000,512,4,27.689656
100000,512,4,5.960870
100000,512,4,247.558560
100000,512,4,4.755263
100000,512,4,4.763022
100000,512,4,4.768188
100000,512,4,4.761838
100000,512,4,4.757302
100000,512,4,4.754347
100000,512,4,4.761838
100000,512,4,4.767425
100000,512,4,4.751304
100000,512,4,4.765468
100000,512,4,4.772949
100000,512,4,4.759266
100000,512,8,4.817034
100000,512,8,4.759840
100000,512,8,4.766788
100000,512,8,4.759965
100000,512,8,4.761258
100000,512,8,4.760550
100000,512,8,4.758900
100000,512,8,10.759100
100000,512,8,680.923783
100000,512,8,4.753395
100000,512,8,4.753966
100000,512,8,6.816894
100000,512,8,4.748736
100000,512,8,4.753499
100000,512,8,4.759246
100000,512,8,6.810009
100000,512,8,4.773138
100000,512,8,4.760820
100000,512,8,4.747827
100000,512,8,4.758673
100000,512,16,4.760465
100000,512,16,4.758957
100000,512,16,4.760399
100000,512,16,4.757154
100000,512,16,4.757542
100000,512,16,4.757221
100000,512,16,4.757715
100000,512,16,4.837510
100000,512,16,4.765766
100000,512,16,4.768362
100000,512,16,4.764431
100000,512,16,4.891961
100000,512,16,4.766252
100000,512,16,4.766249
100000,512,16,4.755340
100000,512,16,4.760004
100000,512,16,4.765833
100000,512,16,4.764812
100000,512,16,4.765980
100000,512,16,4.838414
100000,512,32,4.766247
100000,512,32,4.760562
100000,512,32,4.757895
100000,512,32,4.758208
100000,512,32,4.760740
100000,512,32,4.758131
100000,512,32,4.769358
100000,512,32,4.761228
100000,512,32,4.757067
100000,512,32,4.762476
100000,512,32,4.760122
100000,512,32,4.759599
100000,512,32,4.840462
100000,512,32,4.760582
100000,512,32,4.758931
100000,512,32,4.757958
100000,512,32,4.757705
100000,512,32,4.758067
100000,512,32,4.758803
100000,512,32,4.757291
100000,512,64,4.834335
100000,512,64,4.826680
100000,512,64,4.841616
100000,512,64,4.828664
100000,512,64,4.886626
100000,512,64,4.829075
100000,512,64,4.834402
100000,512,64,4.829845
100000,512,64,4.828473
100000,512,64,4.853663
100000,512,64,4.855785
100000,512,64,4.850826
100000,512,64,4.830292
100000,512,64,4.857757
100000,512,64,4.827561
100000,512,64,4.856334
100000,512,64,4.852561
100000,512,64,4.978114
100000,512,64,4.972260
100000,512,64,5.937779
100000,512,128,6.949268
100000,512,128,7.008766
100000,512,128,6.948408
100000,512,128,6.946542
100000,512,128,6.943687
100000,512,128,6.952653
100000,512,128,6.992410
100000,512,128,6.948127
100000,512,128,6.945947
100000,512,128,6.952346
100000,512,128,6.951444
100000,512,128,6.964403
100000,512,128,6.950101
100000,512,128,6.956875
100000,512,128,6.983751
100000,512,128,6.966442
100000,512,128,6.959023
100000,512,128,6.954426
100000,512,128,6.964187
100000,512,128,6.967529
100000,512,256,10.465711
100000,512,256,10.447563
100000,512,256,10.516187
100000,512,256,10.451675
100000,512,256,10.465814
100000,512,256,10.459665
100000,512,256,10.455235
100000,512,256,10.466927
100000,512,256,10.504541
100000,512,256,10.453024
100000,512,256,10.452946
100000,512,256,10.506943
100000,512,256,14.581877
100000,512,256,12.877101
100000,512,256,22.750189
100000,512,256,22.752473
100000,512,256,240.375755
100000,512,256,23.108557
100000,512,256,12.143273
100000,512,256,10.412362
100000,512,450,10.493057
100000,512,450,10.413103
100000,512,450,10.447277
100000,512,450,10.581203
100000,512,450,10.508702
100000,512,450,10.475511
100000,512,450,10.422752
100000,512,450,10.453398
100000,512,450,10.467795
100000,512,450,10.462081
100000,512,450,10.430396
100000,512,450,10.439759
100000,512,450,10.434220
100000,512,450,10.488082
100000,512,450,10.453687
100000,512,450,10.439904
100000,512,450,10.459347
100000,512,450,10.452668
100000,512,450,10.481629
100000,512,450,10.526733
100000,512,512,10.457443
100000,512,512,10.451749
100000,512,512,10.447393
100000,512,512,10.456968
100000,512,512,10.462871
100000,512,512,10.643312
100000,512,512,10.455259
100000,512,512,10.452859
100000,512,512,10.457091
100000,512,512,10.848407
100000,512,512,10.584648
100000,512,512,10.621695
100000,512,512,10.480926
100000,512,512,10.483387
100000,512,512,10.463127
100000,512,512,10.471455
100000,512,512,10.517413
100000,512,512,10.516434
100000,512,512,10.468433
100000,512,512,10.467536
100000,512,800,10.466244
100000,512,800,10.464850
100000,512,800,10.503260
100000,512,800,10.561601
100000,512,800,10.464670
100000,512,800,10.470655
100000,512,800,10.466152
100000,512,800,10.596210
100000,512,800,10.608834
100000,512,800,10.473719
100000,512,800,10.570108
100000,512,800,10.552022
100000,512,800,10.493828
100000,512,800,10.736164
100000,512,800,10.471502
100000,512,800,10.467561
100000,512,800,10.474785
100000,512,800,10.471168
100000,512,800,10.585409
100000,512,800,10.529250
100000,512,1024,10.469817
100000,512,1024,10.469331
100000,512,1024,10.478996
100000,512,1024,10.473395
100000,512,1024,10.488626
100000,512,1024,10.719294
100000,512,1024,10.663573
100000,512,1024,10.816741
100000,512,1024,10.956549
100000,512,1024,10.476969
100000,512,1024,10.581253
100000,512,1024,10.490382
100000,512,1024,10.749869
100000,512,1024,10.987524
100000,512,1024,10.646171
100000,512,1024,10.471831
100000,512,1024,10.521470
100000,512,1024,10.709298
100000,512,1024,10.975392
100000,512,1024,10.663353
100000,512,1500,10.468263
100000,512,1500,10.636380
100000,512,1500,10.754229
100000,512,1500,10.719481
100000,512,1500,10.462624
100000,512,1500,10.457400
100000,512,1500,10.451656
100000,512,1500,10.467532
100000,512,1500,10.524312
100000,512,1500,10.474994
100000,512,1500,10.478766
100000,512,1500,10.467387
100000,512,1500,10.778340
100000,512,1500,11.427893
100000,512,1500,10.524014
100000,512,1500,10.463338
100000,512,1500,10.465850
100000,512,1500,10.465914
100000,512,1500,10.727395
100000,512,1500,10.527190
100000,800,1,5.532602
100000,800,1,5.523470
100000,800,1,5.520124
100000,800,1,5.520416
100000,800,1,5.516309
100000,800,1,5.522529
100000,800,1,5.526201
100000,800,1,5.535668
100000,800,1,5.520026
100000,800,1,5.829518
100000,800,1,5.629514
100000,800,1,5.526986
100000,800,1,5.525632
100000,800,1,5.525903
100000,800,1,5.522755
100000,800,1,5.596068
100000,800,1,5.519420
100000,800,1,5.519747
100000,800,1,5.514607
100000,800,1,5.680454
100000,800,2,5.612114
100000,800,2,5.685367
100000,800,2,5.608612
100000,800,2,5.752093
100000,800,2,5.810193
100000,800,2,5.599437
100000,800,2,5.601611
100000,800,2,5.610905
100000,800,2,5.604986
100000,800,2,5.601824
100000,800,2,5.701774
100000,800,2,5.693243
100000,800,2,5.605681
100000,800,2,5.606439
100000,800,2,5.606211
100000,800,2,5.801959
100000,800,2,5.606980
100000,800,2,5.605266
100000,800,2,5.608057
100000,800,2,5.608537
100000,800,4,5.627328
100000,800,4,5.635240
100000,800,4,5.697516
100000,800,4,5.639657
100000,800,4,5.631059
100000,800,4,5.628924
100000,800,4,5.630086
100000,800,4,5.625494
100000,800,4,5.617795
100000,800,4,5.631771
100000,800,4,5.854174
100000,800,4,5.632749
100000,800,4,5.672470
100000,800,4,5.648458
100000,800,4,6.167875
100000,800,4,6.275079
100000,800,4,6.258976
100000,800,4,6.246675
100000,800,4,6.109695
100000,800,4,6.339503
100000,800,8,6.046338
100000,800,8,5.873002
100000,800,8,6.026737
100000,800,8,5.634890
100000,800,8,5.635982
100000,800,8,5.634798
100000,800,8,5.631299
100000,800,8,5.786479
100000,800,8,5.826106
100000,800,8,5.711354
100000,800,8,5.848115
100000,800,8,5.628143
100000,800,8,5.638504
100000,800,8,5.714631
100000,800,8,5.639242
100000,800,8,5.637717
100000,800,8,5.641105
100000,800,8,5.783672
100000,800,8,5.877314
100000,800,8,5.905029
100000,800,16,5.654660
100000,800,16,5.646507
100000,800,16,5.645720
100000,800,16,5.709507
100000,800,16,5.649760
100000,800,16,5.656776
100000,800,16,5.830565
100000,800,16,5.828625
100000,800,16,5.651749
100000,800,16,5.646127
100000,800,16,5.651538
100000,800,16,5.684079
100000,800,16,5.649399
100000,800,16,5.645620
100000,800,16,5.702529
100000,800,16,5.644453
100000,800,16,5.768017
100000,800,16,6.069836
100000,800,16,5.925072
100000,800,16,6.047433
100000,800,32,6.199440
100000,800,32,6.126780
100000,800,32,6.124566
100000,800,32,6.059488
100000,800,32,6.123163
100000,800,32,5.808216
100000,800,32,5.828671
100000,800,32,5.929079
100000,800,32,5.683805
100000,800,32,5.779591
100000,800,32,5.784044
100000,800,32,5.679892
100000,800,32,5.708727
100000,800,32,5.833285
100000,800,32,5.787931
100000,800,32,5.713489
100000,800,32,5.815250
100000,800,32,5.716321
100000,800,32,5.737077
100000,800,32,5.715177
100000,800,64,5.707363
100000,800,64,5.708156
100000,800,64,5.966614
100000,800,64,6.093460
100000,800,64,6.358431
100000,800,64,6.248777
100000,800,64,6.223070
100000,800,64,6.135111
100000,800,64,6.206993
100000,800,64,6.121557
100000,800,64,5.930533
100000,800,64,6.058589
100000,800,64,5.953965
100000,800,64,5.788146
100000,800,64,5.922217
100000,800,64,5.963041
100000,800,64,5.713158
100000,800,64,5.810043
100000,800,64,5.899389
100000,800,64,5.976073
100000,800,128,11.058361
100000,800,128,11.102484
100000,800,128,11.111682
100000,800,128,11.208387
100000,800,128,11.003395
100000,800,128,11.107083
100000,800,128,11.271225
100000,800,128,10.965441
100000,800,128,10.956159
100000,800,128,10.942833
100000,800,128,11.011210
100000,800,128,11.102745
100000,800,128,11.064888
100000,800,128,11.201612
100000,800,128,10.952785
100000,800,128,11.177429
100000,800,128,11.030860
100000,800,128,11.030593
100000,800,128,11.053895
100000,800,128,11.127297
100000,800,256,11.032536
100000,800,256,11.034192
100000,800,256,11.043736
100000,800,256,11.029944
100000,800,256,11.030134
100000,800,256,10.972902
100000,800,256,10.966087
100000,800,256,10.984927
100000,800,256,11.165490
100000,800,256,11.140717
100000,800,256,11.008017
100000,800,256,10.962836
100000,800,256,11.013743
100000,800,256,11.041619
100000,800,256,11.034480
100000,800,256,11.143884
100000,800,256,11.044748
100000,800,256,11.035803
100000,800,256,11.229668
100000,800,256,11.042890
100000,800,450,11.426235
100000,800,450,10.961390
100000,800,450,11.033755
100000,800,450,10.965529
100000,800,450,10.957493
100000,800,450,10.960286
100000,800,450,11.104968
100000,800,450,10.974129
100000,800,450,10.949512
100000,800,450,10.954557
100000,800,450,10.964259
100000,800,450,11.015270
100000,800,450,10.961012
100000,800,450,10.971551
100000,800,450,10.965865
100000,800,450,11.017725
100000,800,450,11.021489
100000,800,450,11.053212
100000,800,450,11.030246
100000,800,450,11.035367
100000,800,512,11.030690
100000,800,512,11.039340
100000,800,512,11.078531
100000,800,512,11.012500
100000,800,512,11.355465
100000,800,512,10.955609
100000,800,512,11.085758
100000,800,512,10.992007
100000,800,512,10.994283
100000,800,512,10.972175
100000,800,512,11.511672
100000,800,512,10.951990
100000,800,512,11.334436
100000,800,512,11.122786
100000,800,512,10.955830
100000,800,512,10.953886
100000,800,512,10.961932
100000,800,512,10.955072
100000,800,512,11.030341
100000,800,512,10.987052
100000,800,800,10.963923
100000,800,800,10.965662
100000,800,800,10.955997
100000,800,800,10.975901
100000,800,800,11.013065
100000,800,800,11.164859
100000,800,800,10.976735
100000,800,800,10.960271
100000,800,800,11.034803
100000,800,800,11.009545
100000,800,800,10.962083
100000,800,800,10.969430
100000,800,800,10.969250
100000,800,800,10.954175
100000,800,800,10.957986
100000,800,800,11.010758
100000,800,800,10.954785
100000,800,800,10.950533
 100000,800,800,10.956577
100000,800,800,10.957919
100000,800,1024,11.014540
100000,800,1024,11.002336
100000,800,1024,11.130685
100000,800,1024,10.962682
100000,800,1024,10.978248
100000,800,1024,10.969511
100000,800,1024,11.082779
100000,800,1024,10.956028
100000,800,1024,10.986740
100000,800,1024,10.967682
100000,800,1024,10.965857
100000,800,1024,10.973966
100000,800,1024,22.034949
100000,800,1024,24.296852
100000,800,1024,23.374597
100000,800,1024,21.019242
100000,800,1024,10.949014
100000,800,1024,10.931812
100000,800,1024,10.937554
100000,800,1024,10.989682
100000,800,1500,11.247785
100000,800,1500,11.062053
100000,800,1500,11.238195
100000,800,1500,10.948999
100000,800,1500,10.963035
100000,800,1500,10.988764
100000,800,1500,10.953014
100000,800,1500,10.951618
100000,800,1500,10.964705
100000,800,1500,10.962097
100000,800,1500,11.006765
100000,800,1500,10.963040
100000,800,1500,10.977329
100000,800,1500,10.959540
100000,800,1500,10.963012
100000,800,1500,11.000307
100000,800,1500,10.969750
100000,800,1500,10.956843
100000,800,1500,10.953680
100000,800,1500,10.986972
100000,1024,1,6.865974
100000,1024,1,6.429376
100000,1024,1,6.522210
100000,1024,1,6.424318
100000,1024,1,6.431429
100000,1024,1,6.420514
100000,1024,1,6.417911
100000,1024,1,6.422145
100000,1024,1,6.423934
100000,1024,1,6.419872
100000,1024,1,6.587531
100000,1024,1,6.516603
100000,1024,1,6.423368
100000,1024,1,6.420957
100000,1024,1,6.429863
100000,1024,1,6.428579
100000,1024,1,6.888070
100000,1024,1,6.423416
100000,1024,1,6.417092
100000,1024,1,6.424973
100000,1024,2,6.621334
100000,1024,2,6.548793
100000,1024,2,6.555017
100000,1024,2,6.591190
100000,1024,2,6.536344
100000,1024,2,6.532192
100000,1024,2,6.536531
100000,1024,2,6.539344
100000,1024,2,6.536961
100000,1024,2,6.612750
100000,1024,2,6.540588
100000,1024,2,6.543840
100000,1024,2,6.531628
100000,1024,2,6.532340
100000,1024,2,6.539711
100000,1024,2,6.538335
100000,1024,2,6.537263
100000,1024,2,6.540268
100000,1024,2,6.548789
100000,1024,2,6.592574
100000,1024,4,6.559054
100000,1024,4,6.564329
100000,1024,4,6.558560
100000,1024,4,6.554257
100000,1024,4,6.556598
100000,1024,4,6.560722
100000,1024,4,6.557325
100000,1024,4,6.611334
100000,1024,4,7.293059
100000,1024,4,7.247538
100000,1024,4,7.222775
100000,1024,4,7.238735
100000,1024,4,7.198241
100000,1024,4,7.087041
100000,1024,4,7.192093
100000,1024,4,7.029342
100000,1024,4,6.897512
100000,1024,4,8.034432
100000,1024,4,8.136834
100000,1024,4,8.136200
100000,1024,8,8.061925
100000,1024,8,8.027634
100000,1024,8,7.999764
100000,1024,8,8.063108
100000,1024,8,7.996093
100000,1024,8,7.987252
100000,1024,8,8.175878
100000,1024,8,7.977786
100000,1024,8,7.289335
100000,1024,8,6.679841
100000,1024,8,6.655933
100000,1024,8,6.670117
100000,1024,8,6.595368
100000,1024,8,6.591812
100000,1024,8,6.586457
100000,1024,8,6.684749
100000,1024,8,6.711274
100000,1024,8,7.628991
100000,1024,8,6.600271
100000,1024,8,6.567159
100000,1024,16,6.667323
100000,1024,16,6.838026
100000,1024,16,6.572784
100000,1024,16,7.085475
100000,1024,16,6.889832
100000,1024,16,6.658520
100000,1024,16,6.665441
100000,1024,16,6.648610
100000,1024,16,6.607674
100000,1024,16,6.573207
100000,1024,16,6.576409
100000,1024,16,6.571729
100000,1024,16,6.571876
100000,1024,16,6.566451
100000,1024,16,6.599618
100000,1024,16,6.639341
100000,1024,16,6.571074
100000,1024,16,6.568675
100000,1024,16,6.617612
100000,1024,16,6.640727
100000,1024,32,6.698448
100000,1024,32,6.677307
100000,1024,32,6.579523
100000,1024,32,6.556030
100000,1024,32,6.594352
100000,1024,32,6.556061
100000,1024,32,6.555243
100000,1024,32,6.579408
100000,1024,32,6.592589
100000,1024,32,6.589129
100000,1024,32,6.600294
100000,1024,32,6.583822
100000,1024,32,6.585792
100000,1024,32,6.585472
100000,1024,32,6.600563
100000,1024,32,6.584213
100000,1024,32,6.609623
100000,1024,32,6.583452
100000,1024,32,6.582505
100000,1024,32,6.588853
100000,1024,64,6.529567
100000,1024,64,6.490533
100000,1024,64,6.530526
100000,1024,64,6.495671
100000,1024,64,6.502526
100000,1024,64,6.518542
100000,1024,64,6.507795
100000,1024,64,6.502452
100000,1024,64,6.505365
100000,1024,64,6.506277
100000,1024,64,6.513929
100000,1024,64,6.507465
100000,1024,64,6.509798
100000,1024,64,6.514523
100000,1024,64,6.539321
100000,1024,64,6.539251
100000,1024,64,6.539428
100000,1024,64,6.543911
100000,1024,64,6.543035
100000,1024,64,6.567190
100000,1024,128,12.612176
100000,1024,128,12.597370
100000,1024,128,12.614937
100000,1024,128,12.646774
100000,1024,128,12.561845
100000,1024,128,12.537662
100000,1024,128,12.534054
100000,1024,128,12.536395
100000,1024,128,12.535071
100000,1024,128,12.544109
100000,1024,128,12.542002
100000,1024,128,12.535232
100000,1024,128,12.545432
100000,1024,128,12.541938
100000,1024,128,12.842770
100000,1024,128,12.554690
100000,1024,128,12.541499
100000,1024,128,12.551401
100000,1024,128,12.609131
100000,1024,128,12.613559
100000,1024,256,12.617272
100000,1024,256,12.598407
100000,1024,256,12.608219
100000,1024,256,12.608216
100000,1024,256,12.644384
100000,1024,256,12.536195
100000,1024,256,12.541432
100000,1024,256,12.667264
100000,1024,256,12.708635
100000,1024,256,12.536227
100000,1024,256,12.535438
100000,1024,256,12.539985
100000,1024,256,12.534262
100000,1024,256,12.538702
100000,1024,256,12.533333
100000,1024,256,12.530886
100000,1024,256,12.534048
100000,1024,256,12.542805
100000,1024,256,12.566399
100000,1024,256,12.679834
100000,1024,450,12.623133
100000,1024,450,12.531588
100000,1024,450,12.838234
100000,1024,450,12.537883
100000,1024,450,12.535729
100000,1024,450,12.535382
100000,1024,450,12.587717
100000,1024,450,12.692641
100000,1024,450,12.881706
100000,1024,450,12.607201
100000,1024,450,12.610681
100000,1024,450,12.602548
100000,1024,450,12.601789
100000,1024,450,12.886712
100000,1024,450,12.538310
100000,1024,450,12.551646
100000,1024,450,12.533574
100000,1024,450,12.849623
100000,1024,450,12.834490
100000,1024,450,12.838852
100000,1024,512,99.358487
100000,1024,512,14.737668
100000,1024,512,12.519924
100000,1024,512,12.519514
100000,1024,512,12.519322
100000,1024,512,12.523921
100000,1024,512,12.527572
100000,1024,512,12.520657
100000,1024,512,255.728727
100000,1024,512,13.318586
100000,1024,512,12.534824
100000,1024,512,12.525515
100000,1024,512,12.521138
100000,1024,512,12.518976
100000,1024,512,12.530609
100000,1024,512,12.518579
100000,1024,512,12.522669
100000,1024,512,12.523443
100000,1024,512,695.051294
100000,1024,512,12.521056
100000,1024,800,12.518529
100000,1024,800,12.519398
100000,1024,800,12.527071
100000,1024,800,12.520726
100000,1024,800,12.526689
100000,1024,800,12.529116
100000,1024,800,12.532006
100000,1024,800,12.528799
100000,1024,800,12.525799
100000,1024,800,12.532587
100000,1024,800,12.526079
100000,1024,800,12.528424
100000,1024,800,12.525486
100000,1024,800,12.519582
100000,1024,800,13.271604
100000,1024,800,13.259637
100000,1024,800,12.521920
100000,1024,800,12.591313
100000,1024,800,12.532154
100000,1024,800,12.616293
100000,1024,1024,12.524080
100000,1024,1024,12.530989
100000,1024,1024,12.537515
100000,1024,1024,12.533517
100000,1024,1024,12.535463
100000,1024,1024,12.544646
100000,1024,1024,12.531595
100000,1024,1024,12.537734
100000,1024,1024,12.536698
100000,1024,1024,12.538440
100000,1024,1024,12.544015
100000,1024,1024,12.539492
100000,1024,1024,12.535350
100000,1024,1024,12.541416
100000,1024,1024,12.531795
100000,1024,1024,12.536511
100000,1024,1024,12.533267
100000,1024,1024,12.543718
100000,1024,1024,12.532241
100000,1024,1024,12.535338
100000,1024,1500,12.535436
100000,1024,1500,12.536598
100000,1024,1500,12.535736
100000,1024,1500,12.531159
100000,1024,1500,12.540208
100000,1024,1500,12.537139
100000,1024,1500,12.537231
100000,1024,1500,12.535995
100000,1024,1500,12.537508
100000,1024,1500,12.539874
100000,1024,1500,12.536084
100000,1024,1500,12.532686
100000,1024,1500,12.524398
100000,1024,1500,12.532104
100000,1024,1500,12.533298
100000,1024,1500,12.521782
100000,1024,1500,12.538559
100000,1024,1500,12.537811
100000,1024,1500,12.538460
100000,1024,1500,12.550260